Borough,Bedrooms,Bathrooms,FloorArea,PropertyAge,Price
Wandsworth,3,2,101.6,Pre-1900,1037062
Wandsworth,2,1,64.5,1950-1980,820588
Haringey,1,1,32.5,1950-1980,627429
Greenwich,3,2,91.6,1980-2000,867301
Greenwich,2,1,56.9,Pre-1900,812640
Ealing,3,2,83.1,1980-2000,850715
Camden,4,2,133.6,1950-1980,1324555
Ealing,2,1,79.4,1950-1980,862063
Camden,2,1,53.9,1900-1950,1042242
Camden,2,2,59.6,Pre-1900,1138943
Waltham Forest,2,1,57.2,Post-2000,855545
Greenwich,3,2,59.8,1900-1950,814912
Newham,2,1,51.0,1980-2000,615837
Lewisham,1,1,52.0,Post-2000,675535
Bromley,1,1,25.0,1950-1980,602407
Barking and Dagenham,2,1,87.7,1950-1980,651090
Barking and Dagenham,2,1,73.6,1900-1950,722954
Ealing,3,2,90.0,Post-2000,895681
Hackney,2,1,64.4,1980-2000,901533
Islington,1,1,25.0,1980-2000,759631
Ealing,2,1,52.0,1950-1980,741639
Tower Hamlets,4,3,133.6,Post-2000,1149738
Camden,1,1,25.0,1980-2000,746558
Tower Hamlets,3,1,99.9,1900-1950,1039697
Lambeth,2,1,35.3,1950-1980,731633
Bromley,3,2,66.0,1950-1980,787537
Croydon,1,1,56.5,Pre-1900,679299
Haringey,4,2,111.8,Post-2000,1098742
Bromley,3,1,75.9,Pre-1900,896768
Waltham Forest,3,2,104.4,1950-1980,956909
Haringey,1,1,46.7,1900-1950,766509
Waltham Forest,3,2,97.8,1900-1950,995378
Wandsworth,3,2,75.5,1950-1980,940835
Hackney,2,2,51.7,Post-2000,868060
Hackney,2,2,60.7,1950-1980,783903
Croydon,3,2,94.4,1900-1950,828315
Haringey,1,1,25.0,1980-2000,684902
Croydon,3,1,86.6,1900-1950,759890
Croydon,1,1,32.0,Pre-1900,611270
Kensington and Chelsea,1,1,47.3,Pre-1900,1186809
Westminster,3,2,95.3,Pre-1900,1266865
Haringey,1,1,25.0,1950-1980,582051
Islington,5,3,136.8,1950-1980,1298259
Barking and Dagenham,4,3,98.1,1900-1950,853453
Newham,3,2,92.5,1980-2000,912375
Newham,3,2,97.8,Pre-1900,837942
Tower Hamlets,4,3,113.5,Post-2000,1086205
Barking and Dagenham,2,2,52.0,1950-1980,590234
Greenwich,3,2,85.0,Pre-1900,845057
Bromley,1,1,31.1,Post-2000,683213
Greenwich,2,1,46.4,1900-1950,708674
Newham,2,1,37.7,1950-1980,620397
Islington,3,2,53.2,1900-1950,1021114
Croydon,1,1,47.0,1980-2000,547388
Waltham Forest,2,1,63.4,1950-1980,761569
Hackney,3,2,89.4,Pre-1900,980154
Southwark,2,1,75.0,Pre-1900,916623
Camden,3,2,65.2,1980-2000,1050341
Brent,3,2,58.0,1900-1950,773102
Wandsworth,1,1,33.8,Pre-1900,726126
Westminster,1,1,32.4,1950-1980,947862
Lewisham,3,2,58.0,Post-2000,815042
Newham,2,1,61.4,1900-1950,708689
Tower Hamlets,1,1,25.0,1900-1950,684419
Tower Hamlets,2,1,43.9,Post-2000,824896
Southwark,2,2,51.0,Pre-1900,794310
Hammersmith and Fulham,1,1,25.0,1980-2000,808417
Tower Hamlets,2,1,47.1,Post-2000,756476
Haringey,3,1,73.4,Post-2000,946362
Ealing,2,1,64.4,Pre-1900,773821
Croydon,3,2,81.6,1900-1950,806670
Southwark,1,1,37.6,Pre-1900,782214
Haringey,2,2,25.0,Post-2000,726361
Greenwich,3,1,71.4,Post-2000,828499
Westminster,3,2,92.3,1900-1950,1352703
Westminster,3,2,79.4,1980-2000,1263172
Newham,3,2,96.7,Post-2000,874802
Barking and Dagenham,3,2,56.9,1900-1950,680618
Hackney,1,1,39.0,1900-1950,761330
Brent,3,2,74.4,Pre-1900,888091
Barking and Dagenham,3,2,73.0,1950-1980,774936
Waltham Forest,5,3,154.9,Post-2000,1248519
Islington,3,2,101.4,Post-2000,1184489
Ealing,3,1,99.5,Pre-1900,1016368
Westminster,2,1,86.6,1900-1950,1265225
Newham,4,2,131.0,1950-1980,1034983
Newham,5,3,128.1,1980-2000,1064762
Lambeth,3,2,86.1,1980-2000,854088
Greenwich,3,2,78.6,1950-1980,788064
Kensington and Chelsea,1,1,58.4,1950-1980,1174804
Haringey,3,2,100.6,Pre-1900,1023521
Hackney,3,2,81.2,1950-1980,954128
Brent,3,2,97.2,Post-2000,1059576
Kensington and Chelsea,1,1,25.0,Pre-1900,1072921
Greenwich,3,3,87.8,1950-1980,885155
Greenwich,2,1,41.9,1900-1950,667044
Greenwich,3,2,58.7,1950-1980,775262
Islington,1,1,39.8,1950-1980,790039
Barking and Dagenham,3,1,97.6,1950-1980,873781
Kensington and Chelsea,2,1,62.9,Post-2000,1340207
Greenwich,1,1,25.3,1950-1980,525273
Brent,3,2,65.0,1950-1980,814811
Haringey,1,1,25.0,Pre-1900,691957
Brent,3,2,69.5,1980-2000,883636
Westminster,4,2,108.5,1900-1950,1382254
Haringey,5,4,156.1,Post-2000,1403501
Southwark,1,1,43.9,1900-1950,740415
Bromley,3,1,59.3,Pre-1900,822965
Lewisham,2,1,45.6,1900-1950,679249
Brent,4,2,101.2,Post-2000,1036618
Waltham Forest,3,3,46.0,1900-1950,769734
Tower Hamlets,1,1,36.5,Pre-1900,719969
Waltham Forest,2,1,52.3,Pre-1900,759764
Tower Hamlets,2,1,54.3,1900-1950,771267
Brent,3,2,104.2,Pre-1900,948891
Brent,2,1,57.3,1950-1980,721129
Kensington and Chelsea,3,1,77.5,1900-1950,1400548
Lambeth,3,2,92.6,1950-1980,967806
Kensington and Chelsea,5,3,155.9,Pre-1900,1715012
Bromley,4,2,116.4,1950-1980,975401
Camden,2,1,66.3,1950-1980,963935
Haringey,3,2,81.8,Pre-1900,1031524
Ealing,3,2,82.8,1950-1980,919161
Hackney,4,2,113.7,1900-1950,1136763
Hammersmith and Fulham,1,1,25.0,1900-1950,902607
Barking and Dagenham,2,1,47.5,1980-2000,657799
Islington,2,1,76.7,1950-1980,909724
Ealing,2,2,86.1,1980-2000,865736
Southwark,1,1,51.9,1900-1950,751641
Hackney,2,2,36.2,1900-1950,796813
Newham,3,2,62.7,1900-1950,763461
Wandsworth,2,1,38.1,1950-1980,784740
Waltham Forest,3,2,86.0,1950-1980,841779
Lewisham,1,1,25.0,1900-1950,651178
Hammersmith and Fulham,4,2,103.2,1980-2000,1218314
Lambeth,4,2,133.1,Pre-1900,1169154
Tower Hamlets,3,2,98.7,Post-2000,1070394
Southwark,4,3,104.4,Pre-1900,1116877
Haringey,1,1,25.0,1980-2000,666933
Greenwich,3,2,92.5,1950-1980,889054
Tower Hamlets,1,1,42.0,Post-2000,823768
Islington,2,1,48.0,Pre-1900,941054
Hammersmith and Fulham,2,1,52.5,1950-1980,908509
Westminster,2,1,47.5,1900-1950,1104206
Brent,2,1,36.0,Post-2000,733612
Haringey,3,2,80.7,Post-2000,876543
Hammersmith and Fulham,2,1,51.6,1900-1950,1010543
Tower Hamlets,4,2,93.1,1980-2000,990482
Waltham Forest,3,2,93.7,1950-1980,935175
Westminster,1,1,35.2,1900-1950,972970
Lewisham,2,1,66.4,1900-1950,716096
Lambeth,3,1,72.5,Post-2000,926423
Lewisham,2,1,26.2,1950-1980,614069
Brent,2,1,63.0,Pre-1900,808788
Camden,3,2,74.0,1900-1950,1085962
Greenwich,2,1,42.6,1900-1950,639990
Croydon,2,2,37.1,1950-1980,574448
Kensington and Chelsea,2,2,51.9,1900-1950,1216109
Camden,1,1,51.7,1950-1980,923718
Barking and Dagenham,2,1,48.4,1900-1950,625436
Croydon,1,1,25.0,1900-1950,523380
Brent,2,1,65.8,Pre-1900,883681
Brent,2,1,58.6,Post-2000,803316
Croydon,5,3,108.2,1900-1950,988048
Ealing,2,2,65.9,1980-2000,804096
Newham,3,1,115.9,1900-1950,1008590
Southwark,1,1,25.0,1950-1980,638974
Waltham Forest,1,1,25.0,1900-1950,621556
Kensington and Chelsea,3,1,41.3,1980-2000,1193857
Lambeth,3,2,82.9,Post-2000,963906
Brent,1,1,42.9,1900-1950,737676
Wandsworth,2,1,57.6,1900-1950,902772
Kensington and Chelsea,2,1,76.9,1980-2000,1290202
Westminster,3,2,96.5,1900-1950,1355256
Barking and Dagenham,1,1,53.5,1980-2000,617282
Bromley,2,1,73.4,Pre-1900,823883
Newham,3,2,78.0,1980-2000,742631
Haringey,5,3,141.0,1950-1980,1155402
Tower Hamlets,3,2,71.0,Pre-1900,915928
Southwark,2,1,52.5,1980-2000,817778
Kensington and Chelsea,3,2,84.9,1950-1980,1359111
Southwark,3,2,82.7,1900-1950,906960
Wandsworth,3,2,104.1,1950-1980,1002902
Islington,3,2,79.0,1950-1980,952060
Westminster,4,3,98.0,Pre-1900,1290513
Brent,1,1,25.0,Post-2000,636387
Lewisham,1,1,37.8,1980-2000,642057
Waltham Forest,3,2,63.0,Pre-1900,860191
Barking and Dagenham,2,1,53.0,Post-2000,613503
Westminster,1,1,47.9,1900-1950,1014922
Brent,2,2,60.4,1950-1980,675668
Camden,3,2,82.9,1900-1950,1124657
Croydon,1,1,27.5,1980-2000,501829
Ealing,3,2,68.6,1980-2000,921469
Brent,1,1,25.0,1950-1980,604392
Bromley,1,1,25.1,1900-1950,620595
Brent,2,1,60.1,1900-1950,759297
Croydon,1,1,42.2,1950-1980,502991
Southwark,3,2,85.4,Pre-1900,916144
Waltham Forest,4,3,132.3,1900-1950,1072535
Islington,3,2,108.1,1980-2000,1105316
Waltham Forest,1,1,39.9,Post-2000,662784
Tower Hamlets,2,2,74.4,1900-1950,880995
Camden,1,1,25.0,1900-1950,864070
Greenwich,2,1,38.8,Post-2000,682321
Kensington and Chelsea,2,1,63.8,Post-2000,1415599
Greenwich,3,2,63.9,1950-1980,686217
Southwark,1,1,25.0,Pre-1900,691826
Lewisham,2,1,67.6,1980-2000,757744
Croydon,4,2,133.2,1980-2000,984174
Croydon,2,1,52.2,Pre-1900,644747
Lambeth,4,2,102.3,1950-1980,982099
Westminster,5,3,144.8,1950-1980,1451803
Greenwich,2,1,39.9,1950-1980,621463
Islington,2,1,53.4,1980-2000,854954
Lambeth,3,2,83.9,1950-1980,818355
Barking and Dagenham,1,1,27.6,1980-2000,479990
Hammersmith and Fulham,2,1,57.3,1950-1980,938562
Islington,3,2,71.5,1900-1950,1016806
Camden,2,1,45.1,1980-2000,923487
Camden,1,1,25.0,1980-2000,801599
Lewisham,3,2,59.7,Post-2000,811448
Kensington and Chelsea,3,2,89.1,1950-1980,1285304
Bromley,1,1,41.4,Pre-1900,755427
Islington,2,2,67.9,Post-2000,990816
Camden,1,1,25.0,1980-2000,807660
Newham,2,1,43.8,Post-2000,656470
Westminster,3,2,95.2,Pre-1900,1269453
Barking and Dagenham,3,2,93.6,1900-1950,804329
Lewisham,3,2,87.3,Pre-1900,889325
Kensington and Chelsea,1,1,54.2,Post-2000,1251197
Ealing,1,1,27.6,Post-2000,681273
Lambeth,1,1,25.0,1950-1980,578207
Islington,2,1,50.0,1900-1950,930578
Islington,1,1,25.0,Pre-1900,887207
Waltham Forest,2,2,65.9,1950-1980,721726
Camden,1,1,26.4,1950-1980,808220
Lewisham,3,2,91.6,1980-2000,887569
Haringey,3,2,111.6,1900-1950,1068343
Kensington and Chelsea,2,1,50.1,1950-1980,1175857
Hammersmith and Fulham,1,1,25.0,Pre-1900,886716
Greenwich,4,2,119.2,1980-2000,1005663
Brent,5,3,142.5,1950-1980,1121882
Hammersmith and Fulham,1,1,25.0,Post-2000,883901
Lewisham,3,1,90.0,1980-2000,875982
Camden,3,2,95.8,1950-1980,1053886
Waltham Forest,2,2,41.8,1900-1950,686948
Greenwich,2,1,51.5,Post-2000,789454
Brent,2,2,78.2,Pre-1900,861970
Greenwich,2,2,45.2,1900-1950,727321
Haringey,2,1,57.0,Post-2000,911285
Croydon,4,2,72.6,1980-2000,787137
Newham,3,2,61.8,1950-1980,728496
Lambeth,1,1,30.4,1900-1950,654495
Newham,2,1,74.4,Post-2000,759965
Southwark,3,2,63.6,1900-1950,845574
Wandsworth,1,1,29.1,1900-1950,768040
Southwark,2,1,50.4,1900-1950,810819
Camden,4,2,126.3,1900-1950,1376901
Tower Hamlets,2,1,37.7,Post-2000,812947
Lewisham,1,1,34.5,1980-2000,586330
Lambeth,1,1,25.0,1980-2000,666113
Brent,2,1,59.3,Post-2000,804506
Islington,2,1,57.0,1900-1950,987793
Wandsworth,2,1,52.2,Pre-1900,842328
Camden,3,1,91.2,1950-1980,1046988
Camden,1,1,28.7,1950-1980,768461
Barking and Dagenham,1,1,26.0,1950-1980,438241
Barking and Dagenham,2,1,50.7,Pre-1900,591678
Hackney,1,1,29.2,1950-1980,646169
Hammersmith and Fulham,4,2,115.3,1900-1950,1319524
Lewisham,1,1,25.0,1900-1950,668141
Islington,3,2,78.8,1900-1950,996945
Kensington and Chelsea,2,1,40.2,1900-1950,1239643
Croydon,2,1,55.4,1950-1980,624799
Westminster,3,1,75.1,1900-1950,1226417
Bromley,2,1,67.6,Post-2000,779300
Barking and Dagenham,3,2,94.1,Post-2000,851279
Hammersmith and Fulham,2,1,42.2,1950-1980,821343
Wandsworth,2,1,56.0,Post-2000,916436
Newham,3,2,93.6,Post-2000,904812
Westminster,3,2,81.4,1950-1980,1176436
Waltham Forest,3,2,73.1,1950-1980,787372
Barking and Dagenham,3,2,67.6,Post-2000,759629
Islington,4,2,124.8,1980-2000,1242492
Newham,2,1,69.5,1900-1950,737594
Camden,2,2,52.9,1980-2000,981956
Kensington and Chelsea,1,1,39.5,1900-1950,1147898
Barking and Dagenham,2,1,25.0,1900-1950,549451
Barking and Dagenham,2,1,75.9,1900-1950,701461
Newham,3,2,81.6,1900-1950,832028
Islington,2,1,58.1,Pre-1900,978932
Barking and Dagenham,3,3,79.2,Post-2000,762256
Westminster,1,1,48.9,1900-1950,1001521
Barking and Dagenham,2,1,40.1,Pre-1900,599354
Newham,4,2,134.1,Pre-1900,1097984
Croydon,1,1,33.9,1950-1980,545770
Lewisham,1,1,37.3,Post-2000,684415
Lewisham,2,1,51.1,Pre-1900,730029
Bromley,3,2,64.4,Pre-1900,874383
Bromley,2,1,70.0,1950-1980,772914
Ealing,2,1,60.7,1950-1980,748692
Bromley,3,2,104.4,1900-1950,1019397
Lewisham,2,1,53.1,1900-1950,708405
Brent,3,2,77.7,1950-1980,878069
Westminster,1,1,48.8,1900-1950,1094712
Kensington and Chelsea,2,1,84.7,Post-2000,1434047
Greenwich,3,2,84.1,Pre-1900,822021
Hammersmith and Fulham,3,2,72.7,1900-1950,1102166
Greenwich,3,1,96.2,Post-2000,928472
Tower Hamlets,3,2,80.2,Post-2000,937823
Lambeth,2,1,65.0,Pre-1900,838671
Brent,1,1,25.0,Post-2000,692268
Waltham Forest,1,1,51.5,1980-2000,676768
Westminster,4,3,101.5,1900-1950,1333021
Lewisham,4,3,119.2,1950-1980,984585
Ealing,5,3,132.7,1900-1950,1211197
Tower Hamlets,1,1,25.0,1900-1950,647815
Lambeth,2,1,49.8,1900-1950,720290
Kensington and Chelsea,3,2,95.1,1950-1980,1277339
Kensington and Chelsea,3,2,97.8,Post-2000,1506723
Hammersmith and Fulham,3,2,92.4,1950-1980,1081854
Westminster,3,2,82.4,1900-1950,1264679
Islington,2,1,58.1,1950-1980,837610
Greenwich,1,1,41.5,1980-2000,608573
Newham,1,1,41.9,1980-2000,548566
Barking and Dagenham,1,1,25.0,1900-1950,510684
Islington,2,1,51.9,1950-1980,895162
Greenwich,1,1,25.0,1950-1980,563545
Lewisham,2,1,66.0,1980-2000,717698
Haringey,3,2,83.0,1900-1950,911563
Waltham Forest,4,2,122.8,1900-1950,1073529
Greenwich,3,2,67.8,1950-1980,702360
Brent,2,1,59.9,Post-2000,809007
Brent,1,1,41.5,1950-1980,706437
Camden,1,1,25.0,Post-2000,885301
Southwark,5,2,177.7,Pre-1900,1304424
Westminster,2,1,73.9,1950-1980,1083225
Kensington and Chelsea,1,1,28.0,1950-1980,1010343
Islington,3,2,71.6,1980-2000,1091120
Lewisham,2,1,53.4,Post-2000,829435
Hackney,4,3,113.3,Post-2000,1181637
Bromley,2,1,62.6,1980-2000,765411
Newham,2,1,78.5,1980-2000,812809
Hackney,2,1,48.9,Post-2000,811666
Hammersmith and Fulham,4,2,120.4,1950-1980,1288605
Hackney,4,3,92.6,Post-2000,1117266
Bromley,2,2,49.8,Post-2000,777232
Greenwich,1,1,33.7,1950-1980,625845
Kensington and Chelsea,2,1,66.4,1980-2000,1234402
Waltham Forest,5,3,128.7,1950-1980,1030851
Brent,3,2,77.4,1900-1950,919677
Westminster,3,2,105.9,1950-1980,1251269
Croydon,2,1,73.4,1900-1950,763071
Barking and Dagenham,2,1,59.1,1950-1980,691779
Hackney,2,2,25.0,Post-2000,744609
Ealing,3,2,121.7,Pre-1900,1060599
Westminster,4,2,111.7,Pre-1900,1454738
Hammersmith and Fulham,2,1,51.3,1980-2000,996339
Kensington and Chelsea,2,1,48.2,1900-1950,1189084
Bromley,2,1,61.6,1950-1980,713058
Ealing,1,1,33.8,1950-1980,616672
Islington,4,3,126.3,Pre-1900,1234871
Tower Hamlets,2,2,42.1,Pre-1900,772875
Islington,3,2,79.3,Post-2000,1100731
Ealing,3,2,114.5,1900-1950,1042073
Westminster,3,2,87.4,1950-1980,1156158
Greenwich,4,2,109.4,Post-2000,1015109
Waltham Forest,3,2,69.9,Post-2000,795337
Croydon,4,2,119.6,Pre-1900,984361
Hackney,1,1,43.5,1950-1980,766146
Lambeth,3,2,97.1,1980-2000,897926
Hammersmith and Fulham,3,2,80.1,1980-2000,1124750
Barking and Dagenham,2,1,61.4,1980-2000,620525
Croydon,3,1,109.1,1950-1980,898862
Newham,3,2,100.1,1900-1950,894167
Lambeth,3,2,72.2,1950-1980,858519
Lewisham,2,1,25.0,1980-2000,620092
Westminster,3,2,88.5,1980-2000,1287713
Hammersmith and Fulham,2,2,68.0,Pre-1900,1077821
Ealing,3,2,67.7,Pre-1900,849098
Westminster,2,2,55.9,Post-2000,1171487
Brent,2,2,52.0,1900-1950,742100
Greenwich,2,2,57.6,1900-1950,741471
Croydon,1,1,25.0,1980-2000,505709
Kensington and Chelsea,1,1,47.4,1950-1980,1076179
Islington,1,1,30.2,1900-1950,818239
Tower Hamlets,3,1,70.8,1950-1980,849083
Hackney,3,2,97.8,1950-1980,1021724
Bromley,1,1,25.0,1950-1980,571401
Croydon,1,1,47.3,Post-2000,561201
Southwark,2,1,70.9,1900-1950,859675
Waltham Forest,3,2,104.8,1980-2000,886905
Brent,1,1,25.6,Pre-1900,655818
Southwark,2,1,48.6,1950-1980,685998
Lambeth,1,1,29.3,1980-2000,607876
Islington,2,1,54.7,1900-1950,916573
Bromley,1,1,25.0,1950-1980,649758
Haringey,2,1,47.7,1900-1950,739919
Lewisham,3,2,78.5,Pre-1900,863261
Tower Hamlets,3,2,66.4,1950-1980,854773
Lewisham,1,1,38.2,1980-2000,687955
Westminster,3,2,83.2,Pre-1900,1288366
Bromley,2,1,51.4,Post-2000,832566
Waltham Forest,4,2,95.3,1900-1950,1002678
Lambeth,2,1,38.6,Pre-1900,692215
Ealing,3,2,113.0,1900-1950,1040323
Ealing,3,2,74.6,1900-1950,925315
Waltham Forest,1,1,37.2,Pre-1900,630792
Tower Hamlets,4,2,114.4,1980-2000,1037347
Hammersmith and Fulham,2,1,25.0,1950-1980,809372
Lewisham,3,1,110.9,1950-1980,961008
Ealing,1,1,38.3,Post-2000,727143
Lambeth,2,1,44.5,1950-1980,697363
Greenwich,2,1,55.6,1900-1950,676743
Kensington and Chelsea,2,1,38.8,1900-1950,1181472
Ealing,2,1,83.4,1900-1950,864473
Hackney,2,1,42.4,1950-1980,760081
Southwark,3,1,76.2,1900-1950,882019
Hammersmith and Fulham,2,1,45.1,1950-1980,918814
Wandsworth,1,1,29.2,1980-2000,699661
Haringey,3,2,104.6,1980-2000,950969
Haringey,2,1,82.8,1980-2000,836850
Tower Hamlets,2,1,50.0,1900-1950,733571
Islington,1,1,33.7,Pre-1900,827102
Ealing,1,1,29.2,1950-1980,626639
Lambeth,1,1,25.0,1900-1950,658592
Haringey,4,2,148.3,Pre-1900,1227986
Barking and Dagenham,2,1,76.4,1950-1980,649203
Waltham Forest,1,1,30.8,1900-1950,679664
Brent,1,1,51.7,1980-2000,688359
Kensington and Chelsea,1,1,46.2,1900-1950,1193141
Greenwich,2,2,57.2,Post-2000,758731
Bromley,1,1,32.9,1980-2000,655137
Hammersmith and Fulham,2,1,78.7,Pre-1900,1092813
Bromley,2,1,41.8,1950-1980,697572
Haringey,3,2,109.1,1950-1980,990073
Hammersmith and Fulham,2,1,52.6,1980-2000,1006735
Tower Hamlets,2,1,78.9,1950-1980,807298
Croydon,3,2,83.9,1950-1980,707929
Hackney,2,2,61.1,1950-1980,776790
Camden,3,2,83.5,1900-1950,1160955
Kensington and Chelsea,3,1,76.0,Post-2000,1409895
Southwark,2,1,51.9,1900-1950,811704
Lambeth,2,2,76.7,Pre-1900,831757
Newham,5,3,105.3,1900-1950,978728
Southwark,3,2,65.4,Post-2000,887041
Bromley,4,2,101.1,1950-1980,924381
Southwark,1,1,25.0,1980-2000,646400
Wandsworth,2,1,78.6,Post-2000,1001077
Camden,4,2,130.9,Post-2000,1390101
Southwark,2,1,64.9,1950-1980,833243
Kensington and Chelsea,5,3,130.4,1900-1950,1546491
Newham,1,1,48.0,Pre-1900,643823
Ealing,4,3,88.2,1950-1980,925251
Islington,2,1,88.1,1950-1980,934666
Lambeth,1,1,25.0,1950-1980,607639
Kensington and Chelsea,4,2,108.1,1950-1980,1410726
Greenwich,2,1,49.6,1980-2000,713920
Ealing,1,1,25.0,Pre-1900,661249
Westminster,1,1,56.9,Pre-1900,1073095
Lambeth,3,2,95.8,1980-2000,987447
Bromley,5,3,158.2,1900-1950,1144662
Lambeth,1,1,25.0,1980-2000,629929
Haringey,2,1,58.7,1950-1980,708469
Lambeth,1,1,35.8,Post-2000,684866
Newham,3,2,88.1,Post-2000,896207
Bromley,1,1,25.0,1950-1980,537032
Bromley,1,1,44.1,1980-2000,622515
Ealing,1,1,29.8,Pre-1900,770159
Wandsworth,2,1,41.7,1950-1980,712492
Hammersmith and Fulham,4,3,84.2,1980-2000,1220620
Lambeth,2,1,65.1,1980-2000,800961
Bromley,1,1,64.8,1950-1980,706155
Brent,2,1,40.8,1900-1950,740070
Wandsworth,3,1,86.6,Post-2000,1099412
Kensington and Chelsea,1,1,44.7,1900-1950,1123958
Haringey,1,1,25.0,Post-2000,685090
Bromley,1,1,25.0,1980-2000,646374
Haringey,3,2,71.1,1950-1980,868861
Islington,2,1,70.8,Pre-1900,1044272
Kensington and Chelsea,2,1,75.9,1900-1950,1334694
Lambeth,1,1,30.4,Post-2000,774678
Waltham Forest,2,1,43.4,Post-2000,756952
Bromley,5,3,133.4,1950-1980,1116125
Waltham Forest,1,1,25.0,1950-1980,591368
Brent,4,2,97.3,1980-2000,964993
Newham,2,2,54.5,1950-1980,693566
Newham,1,1,36.6,1980-2000,592660
Haringey,2,1,63.4,1900-1950,869165
Brent,4,2,111.9,Post-2000,1108347
Wandsworth,2,2,56.9,1980-2000,866133
Croydon,4,2,110.8,1900-1950,959787
Camden,2,1,36.5,Post-2000,927483
Southwark,2,1,58.4,1950-1980,765392
Greenwich,3,2,75.2,1900-1950,865594
Waltham Forest,4,2,91.8,Pre-1900,1022209
Haringey,2,1,61.6,1980-2000,737844
Kensington and Chelsea,3,1,74.8,Post-2000,1389169
Waltham Forest,1,1,31.4,Post-2000,673901
Brent,2,2,68.7,1980-2000,765330
Wandsworth,2,1,41.7,Pre-1900,792211
Newham,1,1,29.4,Pre-1900,597833
Wandsworth,2,1,28.8,1900-1950,831607
Hammersmith and Fulham,2,1,79.0,Post-2000,1057185
Lewisham,5,3,119.6,Post-2000,1092829
Islington,3,2,76.3,1900-1950,1060003
Camden,2,1,76.1,1980-2000,1067473
Kensington and Chelsea,5,3,136.5,1950-1980,1567952
Tower Hamlets,1,1,25.0,Pre-1900,738956
Camden,2,1,66.7,1950-1980,969592
Hackney,3,2,94.4,Post-2000,1103732
Kensington and Chelsea,1,1,25.0,1900-1950,1075145
Hackney,3,2,76.1,Post-2000,989760
Tower Hamlets,1,1,25.0,1900-1950,609591
Kensington and Chelsea,1,1,25.0,Pre-1900,1156034
Barking and Dagenham,1,1,25.0,1900-1950,488482
Newham,4,3,109.3,Post-2000,998788
Westminster,3,2,110.8,1950-1980,1259120
Newham,3,2,70.6,1980-2000,795418
Bromley,2,1,47.2,1950-1980,716763
Waltham Forest,2,1,38.2,1950-1980,620074
Kensington and Chelsea,3,2,93.2,Post-2000,1438667
Ealing,2,1,74.0,1950-1980,812557
Lambeth,1,1,45.7,Post-2000,782349
Westminster,3,2,65.3,Pre-1900,1268995
Southwark,1,1,35.5,1980-2000,711358
Tower Hamlets,1,1,49.5,1980-2000,768573
Haringey,3,2,91.6,Post-2000,944243
Croydon,3,2,91.2,1900-1950,916634
Brent,3,1,76.9,1980-2000,888466
Hackney,2,2,59.3,1950-1980,807571
Tower Hamlets,2,1,74.5,1950-1980,818318
Tower Hamlets,3,2,88.9,Pre-1900,917942
Lambeth,3,2,65.3,Pre-1900,836114
Bromley,2,2,49.2,Post-2000,857475
Ealing,5,3,158.1,1980-2000,1198926
Bromley,5,3,144.9,1950-1980,1107218
Croydon,2,1,57.8,Post-2000,684161
Wandsworth,3,2,75.7,Pre-1900,930986
Lambeth,2,1,73.8,1980-2000,839013
Hammersmith and Fulham,2,1,80.9,Post-2000,1188833
Wandsworth,1,1,46.9,Post-2000,812897
Greenwich,2,1,77.6,1950-1980,714303
Hammersmith and Fulham,4,3,106.6,1980-2000,1244842
Southwark,3,2,76.5,1950-1980,883510
Ealing,3,2,81.7,Post-2000,991900
Lewisham,1,1,28.6,1950-1980,553844
Wandsworth,2,1,77.5,1980-2000,910722
Croydon,1,1,45.5,Pre-1900,608227
Westminster,2,1,64.1,1950-1980,1076829
Haringey,2,1,34.5,1950-1980,678660
Kensington and Chelsea,2,1,30.7,1980-2000,1105193
Kensington and Chelsea,2,1,59.6,1980-2000,1154609
Barking and Dagenham,2,1,69.2,Post-2000,685598
Tower Hamlets,2,1,54.8,1980-2000,810431
Brent,1,1,56.7,1900-1950,772242
Lewisham,4,3,95.8,Post-2000,962327
Camden,1,1,25.0,Pre-1900,909479
Brent,1,1,25.0,1980-2000,611351
Haringey,3,2,73.5,Post-2000,891615
Camden,5,3,147.9,Pre-1900,1361534
Croydon,3,2,77.7,Post-2000,865590
Barking and Dagenham,1,1,25.0,1980-2000,467579
Haringey,1,1,41.4,1950-1980,634745
Waltham Forest,5,3,113.6,1900-1950,976631
Haringey,3,2,67.9,1950-1980,830432
Bromley,2,2,31.7,Post-2000,735997
Haringey,1,1,31.1,1900-1950,661866
Camden,1,1,30.8,1950-1980,765637
Hammersmith and Fulham,1,1,56.7,Pre-1900,967638
Islington,3,2,97.7,1900-1950,1166203
Newham,1,1,49.6,1980-2000,572967
Croydon,5,3,144.3,1900-1950,1066483
Hammersmith and Fulham,1,1,25.0,Post-2000,962930
Westminster,3,2,85.9,1950-1980,1204492
Hammersmith and Fulham,1,1,36.9,1950-1980,855267
Westminster,2,1,66.6,Pre-1900,1138012
Croydon,1,1,25.0,Post-2000,563720
Ealing,3,2,91.3,1900-1950,928448
Bromley,2,1,42.0,1950-1980,648140
Camden,1,1,25.0,1950-1980,744297
Haringey,3,2,67.3,1950-1980,875285
Newham,2,1,56.4,1980-2000,684876
Waltham Forest,4,2,94.3,1980-2000,962744
Barking and Dagenham,4,3,105.6,1900-1950,886567
Camden,4,2,125.5,1950-1980,1262039
Wandsworth,1,1,25.0,1980-2000,692311
Croydon,1,1,25.0,1950-1980,483233
Brent,5,3,141.1,1900-1950,1140849
Lewisham,2,2,59.7,1900-1950,696202
Islington,1,1,25.0,1900-1950,747118
Bromley,3,3,95.8,Pre-1900,940193
Westminster,2,1,64.9,1950-1980,1011877
Bromley,3,1,101.1,1950-1980,869051
Lewisham,3,2,82.8,Pre-1900,919401
Croydon,3,2,76.3,1980-2000,781044
Brent,2,1,45.8,Post-2000,751088
Westminster,2,1,60.6,Post-2000,1274981
Kensington and Chelsea,2,1,50.3,Post-2000,1225269
Camden,2,1,47.5,1900-1950,996143
Westminster,1,1,25.0,Pre-1900,979041
Haringey,2,1,45.7,Post-2000,844508
Hackney,2,1,59.0,Pre-1900,868806
Lewisham,2,1,34.8,1900-1950,590749
Wandsworth,3,2,88.5,1950-1980,969726
Croydon,2,1,66.1,1900-1950,726941
Croydon,1,1,25.0,Post-2000,474820
Tower Hamlets,3,2,112.8,1980-2000,1097668
Hackney,3,2,84.3,1980-2000,972373
Tower Hamlets,2,1,32.6,Post-2000,782909
Ealing,3,2,79.8,1900-1950,862913
Newham,1,1,28.9,1980-2000,583914
Southwark,2,2,62.7,1950-1980,846150
Greenwich,4,3,108.1,1980-2000,978627
Westminster,4,2,96.8,Pre-1900,1339517
Croydon,2,2,39.6,1980-2000,572769
Wandsworth,3,2,74.2,Post-2000,994037
Brent,4,3,103.6,Pre-1900,996735
Waltham Forest,5,3,123.0,Pre-1900,1132293
Ealing,2,1,45.0,Pre-1900,729032
Wandsworth,2,2,65.9,1950-1980,874207
Islington,2,1,80.7,1900-1950,988482
Greenwich,1,1,39.3,Post-2000,657167
Hammersmith and Fulham,2,1,75.6,1950-1980,1043199
Westminster,3,2,98.6,1950-1980,1200989
Brent,3,1,96.5,1980-2000,958760
Southwark,4,2,106.9,1950-1980,1049385
Kensington and Chelsea,1,1,30.1,1950-1980,1032059
Waltham Forest,2,1,49.7,1980-2000,770388
Hammersmith and Fulham,1,1,25.0,1980-2000,845611
Southwark,1,1,29.0,Pre-1900,747669
Brent,4,3,122.7,Pre-1900,1155700
Lewisham,2,1,62.3,1900-1950,752372
Kensington and Chelsea,3,2,81.6,1950-1980,1318802
Croydon,1,1,28.8,1900-1950,522413
Ealing,2,1,62.5,1980-2000,757444
Hackney,3,2,94.0,Post-2000,1042219
Hammersmith and Fulham,1,1,25.0,1900-1950,809595
Westminster,2,1,39.8,1950-1980,950932
Brent,1,1,44.6,1950-1980,680291
Greenwich,3,2,83.1,1950-1980,802758
Camden,5,3,133.6,1980-2000,1371156
Greenwich,3,1,80.0,Post-2000,892142
Ealing,5,2,136.0,1900-1950,1250501
Tower Hamlets,3,2,92.4,Pre-1900,995265
Croydon,4,3,95.4,1980-2000,918397
Kensington and Chelsea,2,1,56.4,1950-1980,1185876
Waltham Forest,2,2,59.7,1900-1950,785776
Newham,2,1,61.9,Pre-1900,774393
Barking and Dagenham,3,2,87.3,1950-1980,779452
Croydon,1,1,35.7,1900-1950,580487
Newham,1,1,25.0,Post-2000,592726
Lewisham,4,2,97.9,1950-1980,941084
Barking and Dagenham,1,1,64.9,1900-1950,605937
Waltham Forest,5,3,135.5,1980-2000,1100631
Newham,3,2,81.2,1900-1950,878932
Islington,2,1,66.2,1950-1980,993663
Waltham Forest,3,2,107.9,1950-1980,901639
Croydon,3,2,75.8,1950-1980,723652
Croydon,1,1,25.0,1980-2000,568200
Bromley,3,2,65.4,1900-1950,859827
Westminster,3,2,107.9,Post-2000,1411695
Wandsworth,1,1,25.0,1980-2000,738364
Hackney,1,1,27.6,1900-1950,698724
Barking and Dagenham,1,1,25.0,1900-1950,506498
Greenwich,1,1,25.0,1900-1950,596087
Bromley,1,1,25.0,1900-1950,592860
Hammersmith and Fulham,3,2,69.9,1950-1980,1046369
Ealing,2,1,45.6,Pre-1900,814697
Waltham Forest,4,2,142.1,Post-2000,1151955
Croydon,2,1,62.4,Pre-1900,714409
Hackney,2,1,70.0,1900-1950,899970
Barking and Dagenham,3,2,96.4,Pre-1900,808908
Bromley,4,3,110.5,1900-1950,1058480
Bromley,2,1,49.4,Post-2000,754712
Barking and Dagenham,2,1,59.7,1980-2000,692374
Lewisham,4,2,114.5,1900-1950,1039691
Hackney,2,1,47.5,Post-2000,814666
Hackney,1,1,29.9,Post-2000,823737
Bromley,2,1,45.4,1980-2000,725641
Camden,3,2,81.4,Post-2000,1131080
Islington,1,1,25.0,1980-2000,816682
Wandsworth,2,1,37.0,1950-1980,770171
Newham,2,1,25.0,1950-1980,485621
Barking and Dagenham,4,2,97.9,1900-1950,832472
Southwark,2,1,83.1,1950-1980,884879
Waltham Forest,2,1,51.4,Post-2000,691359
Waltham Forest,2,2,67.6,1950-1980,766141
Lambeth,2,1,25.0,Post-2000,724819
Wandsworth,3,2,68.9,1950-1980,849725
Brent,3,2,63.7,1980-2000,828715
Croydon,3,2,81.0,1980-2000,788677
Lambeth,3,2,120.3,1980-2000,988500
Wandsworth,4,3,118.9,1980-2000,1172944
Tower Hamlets,2,1,81.4,1900-1950,924133
Hackney,5,3,136.2,Pre-1900,1228052
Hammersmith and Fulham,1,1,48.5,Post-2000,988712
Croydon,3,2,115.1,Pre-1900,956896
Brent,2,1,54.4,1950-1980,717731
Ealing,3,2,75.9,1950-1980,777952
Lambeth,2,1,36.2,1950-1980,700792
Ealing,3,2,79.4,1980-2000,860243
Kensington and Chelsea,4,3,113.2,1980-2000,1470705
Hammersmith and Fulham,3,2,114.5,Post-2000,1355939
Ealing,3,2,64.6,1950-1980,810154
Barking and Dagenham,1,1,28.9,1950-1980,478201
Hammersmith and Fulham,1,1,25.0,Post-2000,934886
Barking and Dagenham,5,2,133.6,Post-2000,1058808
Waltham Forest,3,2,88.7,Post-2000,906580
Newham,2,1,63.7,1980-2000,710498
Ealing,2,1,64.8,Pre-1900,833869
Bromley,1,1,34.0,Pre-1900,679244
Brent,2,1,64.7,Post-2000,847041
Newham,2,1,56.7,Post-2000,833898
Kensington and Chelsea,1,1,25.0,1980-2000,1025465
Lambeth,1,1,25.0,1900-1950,687003
Newham,2,2,47.8,1980-2000,704633
Ealing,2,1,54.0,1900-1950,803944
Wandsworth,1,1,46.8,1950-1980,723818
Bromley,2,2,54.5,1950-1980,792805
Southwark,4,3,109.1,Post-2000,1028000
Brent,2,1,61.8,1900-1950,763609
Wandsworth,4,2,107.9,1950-1980,1115691
Hammersmith and Fulham,4,3,124.2,1950-1980,1243748
Greenwich,1,1,57.7,1980-2000,750773
Southwark,1,1,60.9,1950-1980,700544
Westminster,2,1,57.5,Post-2000,1128610
Haringey,2,2,61.1,Pre-1900,818921
Haringey,2,1,79.7,1900-1950,911485
Ealing,2,1,53.8,1980-2000,759246
Bromley,3,2,94.2,1950-1980,880541
Westminster,1,1,25.0,1900-1950,1023915
Newham,5,3,135.3,1950-1980,1108218
Croydon,1,1,45.3,1980-2000,577120
Bromley,4,2,101.2,Pre-1900,940404
Waltham Forest,1,1,26.1,1900-1950,534377
Brent,1,1,25.0,Post-2000,671071
Haringey,1,1,58.1,1950-1980,768041
Islington,5,3,158.9,Pre-1900,1416328
Lambeth,1,1,30.8,1900-1950,665338
Newham,3,2,91.6,1980-2000,813462
Brent,4,2,117.9,1900-1950,1083683
Barking and Dagenham,3,1,104.8,Post-2000,934803
Brent,2,1,48.2,1980-2000,640087
Wandsworth,5,3,151.0,1950-1980,1251344
Brent,4,3,128.2,Post-2000,1088750
Camden,2,1,74.2,1950-1980,935185
Islington,2,1,25.0,1900-1950,781800
Islington,5,3,131.0,1980-2000,1298725
Lewisham,5,3,124.7,1950-1980,1064692
Westminster,2,1,58.2,1900-1950,1176864
Greenwich,3,2,53.8,1900-1950,757009
Hackney,2,1,25.3,1950-1980,620275
Hammersmith and Fulham,2,2,88.6,1900-1950,1112003
Waltham Forest,1,1,37.3,1980-2000,589973
Newham,1,1,29.8,1980-2000,511081
Hackney,3,2,89.5,1950-1980,973315
Southwark,2,1,58.2,1950-1980,794450
Waltham Forest,1,1,43.0,1950-1980,664863
Wandsworth,2,1,46.5,1900-1950,815896
Newham,2,1,58.8,Pre-1900,748418
Hammersmith and Fulham,5,3,143.4,1900-1950,1402003
Lambeth,4,2,96.3,1900-1950,1047007
Hackney,2,1,75.2,1950-1980,878827
Croydon,4,2,105.3,1980-2000,900322
Brent,2,1,71.3,1950-1980,793398
Southwark,3,1,85.7,Post-2000,998318
Ealing,5,3,164.5,Post-2000,1375607
Lewisham,2,1,40.4,Post-2000,727145
Waltham Forest,3,2,67.7,Post-2000,869985
Islington,2,1,42.4,1980-2000,858911
Tower Hamlets,2,2,58.0,1950-1980,800725
Lewisham,2,1,79.1,Pre-1900,858243
Islington,5,3,163.9,1980-2000,1387683
Kensington and Chelsea,2,1,25.0,1980-2000,1061274
Lewisham,4,2,115.7,1950-1980,946030
Tower Hamlets,4,3,63.8,1980-2000,875953
Wandsworth,2,1,67.9,1950-1980,912696
Wandsworth,2,1,72.8,1950-1980,865696
Greenwich,3,2,83.4,1950-1980,800622
Tower Hamlets,2,1,57.3,1980-2000,719980
Lewisham,1,1,29.1,Post-2000,703407
Barking and Dagenham,5,3,128.2,Post-2000,1042577
Haringey,3,2,90.5,1980-2000,983504
Tower Hamlets,2,2,52.5,Pre-1900,838318
Hackney,3,2,98.0,Post-2000,1057251
Barking and Dagenham,1,1,26.3,1900-1950,501218
Wandsworth,2,1,43.1,Post-2000,918340
Waltham Forest,4,3,89.0,1900-1950,952950
Hammersmith and Fulham,4,3,84.0,1950-1980,1141637
Haringey,2,1,75.7,1980-2000,899728
Wandsworth,2,1,49.1,1980-2000,847683
Ealing,3,3,89.1,1950-1980,896148
Wandsworth,2,1,82.7,1980-2000,938264
Southwark,1,1,25.0,1950-1980,666605
Lewisham,2,1,46.6,1900-1950,737897
Newham,3,2,82.0,1980-2000,858790
Newham,1,1,28.4,1900-1950,589189
Barking and Dagenham,1,1,56.3,1980-2000,615960
Brent,1,1,51.5,Pre-1900,711856
Tower Hamlets,2,1,65.3,1950-1980,769349
Kensington and Chelsea,2,1,77.7,1950-1980,1275819
Greenwich,2,1,53.3,1900-1950,697176
Camden,2,1,60.5,1950-1980,945878
Brent,4,2,107.5,1980-2000,1061331
Westminster,1,1,25.0,Post-2000,1073322
Lambeth,2,1,74.1,Post-2000,902274
Westminster,5,3,148.0,1980-2000,1501068
Haringey,3,2,84.3,1950-1980,898513
Croydon,3,2,84.0,1950-1980,813576
Islington,2,1,33.4,Pre-1900,867963
Lambeth,1,1,25.0,1950-1980,584668
Waltham Forest,3,1,89.0,Post-2000,993279
Wandsworth,3,2,76.1,1950-1980,929485
Greenwich,1,1,25.0,1950-1980,526909
Waltham Forest,2,1,54.4,1900-1950,774063
Bromley,4,2,101.8,1900-1950,1039719
Lewisham,1,1,25.0,Pre-1900,565193
Tower Hamlets,2,1,31.8,1980-2000,693333
Bromley,2,1,53.8,1950-1980,713940
Greenwich,3,2,93.3,1980-2000,899568
Greenwich,3,2,59.3,1950-1980,765489
Kensington and Chelsea,3,2,83.6,1980-2000,1325678
Bromley,2,2,60.2,1980-2000,711049
Ealing,1,1,25.0,1980-2000,673771
Ealing,2,2,77.3,1950-1980,780364
Westminster,3,2,78.2,1950-1980,1168597
Hackney,3,2,82.5,Post-2000,1004404
Bromley,5,3,137.6,Pre-1900,1177531
Haringey,2,1,29.4,1900-1950,784983
Lambeth,3,2,99.1,1950-1980,1057990
Greenwich,2,1,41.7,1980-2000,600497
Westminster,1,1,25.0,Pre-1900,1022856
Wandsworth,2,1,65.0,1980-2000,871127
Lambeth,2,1,77.9,1950-1980,869111
Tower Hamlets,5,3,123.8,1950-1980,1140594
Tower Hamlets,2,1,49.3,1950-1980,792949
Hackney,5,3,160.7,1950-1980,1280975
Islington,2,1,63.0,1900-1950,924261
Barking and Dagenham,1,1,38.1,Pre-1900,583342
Waltham Forest,1,1,25.0,1900-1950,621619
Haringey,1,1,25.0,1980-2000,643146
Southwark,2,1,53.5,1950-1980,751139
Islington,1,1,25.0,1950-1980,780253
Greenwich,2,1,30.9,1950-1980,669719
Bromley,5,3,132.3,1950-1980,1055884
Tower Hamlets,3,2,104.3,1900-1950,1030578
Southwark,3,2,84.9,Pre-1900,954211
Barking and Dagenham,1,1,48.6,Post-2000,542459
Ealing,2,1,58.7,1950-1980,765806
Hammersmith and Fulham,2,1,44.5,1980-2000,912527
Barking and Dagenham,4,3,131.2,1950-1980,877964
Brent,1,1,31.2,1980-2000,602877
Bromley,2,2,70.4,1950-1980,740885
Islington,2,1,40.0,Pre-1900,866545
Bromley,2,1,71.6,Post-2000,806499
Lambeth,3,2,100.0,1900-1950,964611
Brent,1,1,32.3,Pre-1900,634182
Newham,2,1,43.9,Pre-1900,679661
Hammersmith and Fulham,3,1,83.3,1980-2000,1140326
Croydon,2,1,65.2,1980-2000,708498
Lambeth,2,1,59.5,1980-2000,778897
Camden,1,1,37.0,Post-2000,924059
Hammersmith and Fulham,3,2,99.2,1900-1950,1160259
Haringey,5,4,130.3,1950-1980,1101936
Hackney,3,2,66.7,1980-2000,926502
Waltham Forest,4,3,111.4,Post-2000,987641
Hackney,2,1,51.1,1900-1950,822259
Wandsworth,1,1,39.8,Post-2000,799315
Islington,1,1,25.0,Pre-1900,828965
Haringey,3,2,99.3,1980-2000,925569
Tower Hamlets,2,1,76.3,1980-2000,857563
Hammersmith and Fulham,3,1,84.0,Post-2000,1204735
Hackney,3,2,84.9,Pre-1900,913999
Westminster,5,4,128.5,Pre-1900,1442730
Ealing,2,2,47.9,Pre-1900,769338
Barking and Dagenham,2,1,49.9,1950-1980,607128
Tower Hamlets,2,1,77.6,1980-2000,869054
Kensington and Chelsea,2,1,54.9,Post-2000,1329644
Lewisham,4,2,92.2,1950-1980,856411
Islington,1,1,31.8,Pre-1900,765356
Waltham Forest,5,4,152.4,1900-1950,1206160
Hammersmith and Fulham,5,3,139.6,Pre-1900,1370491
Tower Hamlets,2,1,78.0,1980-2000,828520
Brent,2,1,67.7,Post-2000,883110
Lewisham,1,1,25.0,Post-2000,636063
Lambeth,2,2,47.7,1950-1980,698823
Wandsworth,1,1,31.4,Pre-1900,725955
Wandsworth,2,1,31.0,1900-1950,800761
Waltham Forest,1,1,33.0,1950-1980,615137
Croydon,3,2,57.6,Post-2000,697934
Hackney,2,1,71.4,Pre-1900,829817
Islington,1,1,41.6,Pre-1900,938403
Hackney,2,2,63.6,1980-2000,803601
Southwark,5,3,129.9,1980-2000,1190624
Hackney,3,2,86.6,1900-1950,1045163
Croydon,2,1,48.3,Post-2000,684951
Camden,3,1,68.5,Pre-1900,1055864
Lambeth,3,1,78.9,Post-2000,885174
Barking and Dagenham,4,2,122.5,1900-1950,881858
Southwark,1,1,28.7,Pre-1900,717368
Westminster,4,2,133.8,1900-1950,1510801
Westminster,2,1,67.5,1900-1950,1134985
Camden,4,3,121.9,1950-1980,1209352
Greenwich,2,1,31.9,1980-2000,659430
Croydon,4,2,107.7,1950-1980,869591
Westminster,5,3,124.0,1980-2000,1440099
Lambeth,1,1,25.3,1950-1980,609564
Southwark,5,3,129.6,Pre-1900,1179224
Newham,1,1,25.0,Post-2000,583878
Haringey,1,1,43.9,Post-2000,842237
Hammersmith and Fulham,2,1,63.1,Pre-1900,1071131
Tower Hamlets,5,3,155.1,1950-1980,1255573
Camden,2,2,32.0,1980-2000,845216
Brent,2,1,56.9,1900-1950,817581
Lewisham,3,2,98.5,1950-1980,912312
Waltham Forest,5,3,162.6,1950-1980,1140096
Westminster,3,2,60.8,1900-1950,1183916
Brent,1,1,25.0,Pre-1900,616469
Brent,2,1,71.5,1980-2000,748464
Waltham Forest,1,1,25.1,1900-1950,622496
Southwark,3,2,70.3,1900-1950,928964
Brent,1,1,25.0,1980-2000,618564
Westminster,2,1,41.8,1980-2000,1031827
Barking and Dagenham,4,2,86.7,1900-1950,800909
Lambeth,2,1,56.9,Post-2000,928732
Ealing,2,1,69.4,1980-2000,775753
Lewisham,2,1,37.1,1900-1950,708515
Lambeth,1,1,31.9,1950-1980,631647
Haringey,2,1,68.7,1980-2000,806198
Camden,2,1,56.0,1900-1950,984921
Wandsworth,4,3,87.8,1950-1980,942721
Lambeth,2,1,61.8,1980-2000,772456
Islington,2,1,55.2,1950-1980,878753
Lewisham,3,2,81.7,1980-2000,788738
Camden,3,2,75.8,1950-1980,1055546
Barking and Dagenham,3,2,85.3,1900-1950,735805
Lewisham,5,2,147.6,1950-1980,1070696
Waltham Forest,3,2,119.9,1950-1980,937292
Ealing,2,2,57.7,1980-2000,868935
Islington,3,2,106.7,1980-2000,1049212
Greenwich,2,1,61.4,1950-1980,729727
Southwark,2,1,54.5,Post-2000,824709
Waltham Forest,2,1,58.2,Pre-1900,763793
Brent,1,1,25.0,1900-1950,651357
Ealing,1,1,32.6,1900-1950,696550
Westminster,1,1,25.0,1900-1950,939872
Newham,1,1,25.0,1980-2000,488187
Greenwich,4,3,113.6,Pre-1900,1035152
Lewisham,4,3,129.9,1900-1950,1090579
Kensington and Chelsea,2,2,77.5,1900-1950,1308209
Waltham Forest,3,2,80.5,1980-2000,884259
Kensington and Chelsea,1,1,30.3,Post-2000,1168341
Barking and Dagenham,4,2,126.8,1980-2000,910597
Croydon,2,1,36.1,1900-1950,608360
Camden,1,1,34.1,1950-1980,840010
Kensington and Chelsea,1,1,25.0,Pre-1900,1132370
Ealing,2,2,53.4,1900-1950,802645
Lambeth,1,1,25.0,Post-2000,653076
Camden,2,1,62.5,1950-1980,1017131
Ealing,1,1,36.3,Pre-1900,683695
Greenwich,1,1,41.4,1950-1980,602525
Newham,2,1,61.2,1900-1950,664134
Islington,5,3,142.6,1950-1980,1283757
Kensington and Chelsea,1,1,55.8,1950-1980,1154125
Brent,1,1,25.0,1900-1950,657700
Newham,3,2,109.4,Post-2000,1012497
Croydon,4,2,107.7,1950-1980,917593
Greenwich,2,1,64.6,Post-2000,802048
Wandsworth,4,2,107.1,1980-2000,1077051
Camden,2,1,45.5,1980-2000,902646
Waltham Forest,1,1,35.3,1950-1980,653250
Haringey,2,1,71.6,Pre-1900,915254
Barking and Dagenham,3,2,91.1,1980-2000,740752
Waltham Forest,2,1,47.9,1950-1980,722462
Waltham Forest,3,2,138.2,Pre-1900,1118611
Newham,1,1,46.0,1950-1980,550372
Southwark,3,2,98.0,1980-2000,1009618
Bromley,2,1,50.7,Post-2000,744487
Croydon,2,2,46.6,1950-1980,516007
Wandsworth,2,2,51.8,1950-1980,795904
Newham,3,3,100.2,Post-2000,928086
Wandsworth,1,1,25.0,1900-1950,715297
Lewisham,3,2,68.0,Pre-1900,940603
Hammersmith and Fulham,3,2,92.1,1900-1950,1184080
Greenwich,1,1,32.8,Post-2000,650643
Greenwich,5,4,128.4,1900-1950,1105242
Greenwich,3,2,67.6,1900-1950,787559
Brent,2,1,77.6,1950-1980,844168
Lewisham,1,1,33.4,Post-2000,672182
Lambeth,2,1,35.5,Post-2000,768021
Camden,1,1,25.0,1950-1980,762535
Greenwich,2,2,50.6,Post-2000,679447
Hammersmith and Fulham,2,1,67.0,1900-1950,1026018
Camden,3,2,92.9,1900-1950,1162543
Camden,1,1,45.0,Post-2000,944625
Islington,3,2,61.6,1950-1980,949925
Ealing,2,1,59.4,1900-1950,793757
Brent,2,1,77.4,1950-1980,823583
Hackney,3,2,104.0,1980-2000,989899
Greenwich,3,2,89.4,Post-2000,920558
Southwark,2,1,91.2,Post-2000,957632
Ealing,2,1,65.1,1950-1980,720956
Hammersmith and Fulham,2,1,71.6,Post-2000,1106138
Brent,2,1,56.7,1950-1980,795286
Lambeth,2,1,44.3,1980-2000,676655
Tower Hamlets,3,1,70.9,1980-2000,877827
Greenwich,2,2,58.7,1950-1980,734937
Kensington and Chelsea,1,1,25.0,Pre-1900,1212001
Bromley,2,2,29.5,1950-1980,618931
Barking and Dagenham,1,1,25.0,1980-2000,457219
Wandsworth,2,1,51.2,1900-1950,800016
Barking and Dagenham,2,1,66.9,Pre-1900,727802
Camden,2,1,55.8,1900-1950,951459
Haringey,3,2,82.9,Pre-1900,936892
Bromley,1,1,25.0,1980-2000,538542
Hackney,4,2,112.3,1900-1950,1145375
Brent,2,1,75.8,Pre-1900,896083
Wandsworth,2,1,58.3,1980-2000,887998
Croydon,3,2,61.4,Post-2000,695653
Hackney,3,2,65.2,Pre-1900,945581
Hammersmith and Fulham,2,1,64.8,1900-1950,971604
Bromley,3,2,80.6,Post-2000,928545
Islington,4,2,110.9,1950-1980,1153787
Barking and Dagenham,3,2,74.8,Post-2000,775238
Newham,1,1,35.6,1900-1950,613414
Newham,3,2,79.5,1900-1950,815480
Barking and Dagenham,3,2,81.2,1900-1950,681505
Haringey,3,2,71.2,Pre-1900,932215
Kensington and Chelsea,3,2,97.8,Post-2000,1496293
Waltham Forest,5,3,136.7,Post-2000,1145285
Greenwich,2,1,65.1,Post-2000,730137
Islington,1,1,25.0,Post-2000,899100
Wandsworth,2,1,82.0,Post-2000,1044280
Ealing,1,1,47.2,1980-2000,738300
Bromley,2,1,27.4,Post-2000,677683
Bromley,2,1,44.0,1900-1950,627918
Lewisham,2,1,63.2,1950-1980,758662
Islington,3,2,64.2,1980-2000,994381
Waltham Forest,3,2,82.0,Post-2000,905104
Lewisham,2,1,62.4,1980-2000,793390
Lambeth,4,3,109.2,Post-2000,1117221
Lambeth,1,1,36.1,1950-1980,652832
Hammersmith and Fulham,3,2,73.6,1980-2000,1084002
Croydon,3,1,50.3,Post-2000,723219
Southwark,2,1,70.7,1900-1950,900958
Kensington and Chelsea,2,1,70.6,Post-2000,1327931
Camden,2,1,93.6,1950-1980,1079480
Wandsworth,3,1,50.9,1980-2000,826299
Southwark,3,2,95.3,Post-2000,1085880
Ealing,2,1,26.5,1950-1980,668429
Camden,2,1,82.3,1950-1980,995686
Waltham Forest,1,1,35.3,1950-1980,617836
Lewisham,2,1,41.7,Pre-1900,664872
Waltham Forest,5,3,151.7,1950-1980,1222126
Brent,1,1,25.0,1900-1950,692115
Camden,4,2,116.5,Post-2000,1345620
Wandsworth,3,2,87.1,Pre-1900,1081079
Camden,5,3,166.2,1950-1980,1427640
Bromley,1,1,55.2,Post-2000,797824
Tower Hamlets,1,1,25.0,Post-2000,743488
Newham,1,1,43.9,1980-2000,608320
Ealing,3,1,89.3,1950-1980,904973
Waltham Forest,3,1,62.8,1900-1950,856580
Ealing,1,1,25.0,1950-1980,632859
Croydon,3,2,119.0,Pre-1900,911429
Hammersmith and Fulham,2,1,61.4,1980-2000,917314
Barking and Dagenham,1,1,43.0,1900-1950,549267
Westminster,2,1,52.8,1980-2000,990991
Lewisham,1,1,25.0,1950-1980,519859
Haringey,2,1,56.4,1950-1980,735959
Kensington and Chelsea,2,1,52.0,1950-1980,1131783
Waltham Forest,4,2,89.6,Post-2000,1014421
Hammersmith and Fulham,3,2,69.0,1900-1950,1129432
Lewisham,2,2,66.6,1950-1980,760513
Lewisham,3,2,78.3,Pre-1900,887314
Greenwich,2,1,56.4,Pre-1900,766094
Westminster,2,1,59.5,1980-2000,998460
Hackney,3,2,88.7,1900-1950,992643
Lewisham,3,2,101.2,Pre-1900,870337
Lewisham,3,2,67.5,Post-2000,867684
Hammersmith and Fulham,3,2,92.6,1950-1980,1029213
Wandsworth,3,2,95.3,Pre-1900,1040421
Islington,2,1,70.8,Pre-1900,1022168
Bromley,4,3,90.8,Pre-1900,927611
Hackney,1,1,31.8,1950-1980,716846
Islington,4,2,137.7,1980-2000,1292358
Croydon,2,1,54.5,1980-2000,676029
Hackney,1,1,35.3,Pre-1900,774303
Waltham Forest,3,2,95.7,1980-2000,905602
Kensington and Chelsea,2,1,40.6,1950-1980,1120739
Kensington and Chelsea,3,2,111.5,1950-1980,1398177
Haringey,2,2,63.5,Post-2000,874721
Hammersmith and Fulham,3,2,91.8,1900-1950,1140992
Islington,2,1,31.1,Pre-1900,811542
Hammersmith and Fulham,1,1,39.9,Post-2000,953239
Wandsworth,2,1,63.6,1900-1950,874308
Lewisham,3,2,108.4,1900-1950,928600
Kensington and Chelsea,3,2,79.3,1980-2000,1366740
Bromley,2,1,41.2,1980-2000,657259
Barking and Dagenham,5,2,129.8,Post-2000,1018322
Islington,3,1,76.4,1900-1950,1088642
Kensington and Chelsea,4,3,95.2,1950-1980,1412125
Haringey,1,1,47.4,Pre-1900,805885
Hackney,1,1,47.9,1950-1980,711072
Tower Hamlets,2,1,53.1,1900-1950,822692
Hackney,1,1,25.0,1980-2000,639981
Croydon,2,1,28.8,Pre-1900,579652
Newham,2,1,66.4,Pre-1900,736267
Westminster,2,1,80.8,1950-1980,1108771
Haringey,3,2,74.4,Post-2000,934074
Ealing,5,3,138.2,Post-2000,1200133
Westminster,4,3,118.5,Post-2000,1417504
Lewisham,1,1,53.9,1950-1980,694788
Newham,2,1,59.0,Pre-1900,710190
Bromley,2,1,58.9,1900-1950,789017
Camden,1,1,30.7,1980-2000,848965
Bromley,2,1,34.6,Pre-1900,707874
Barking and Dagenham,2,1,34.3,1900-1950,564555
Newham,1,1,25.0,Pre-1900,551283
Haringey,3,2,99.2,1950-1980,1012412
Kensington and Chelsea,3,1,79.0,1900-1950,1390323
Waltham Forest,1,1,25.0,Pre-1900,627235
Barking and Dagenham,2,1,47.8,1950-1980,561391
Westminster,4,2,109.9,1950-1980,1299020
Kensington and Chelsea,2,1,81.5,1950-1980,1274565
Westminster,2,1,53.7,1980-2000,1138059
Barking and Dagenham,2,1,44.2,Pre-1900,547797
Barking and Dagenham,1,1,28.4,1980-2000,520716
Hammersmith and Fulham,1,1,54.3,Pre-1900,1026210
Tower Hamlets,3,1,76.5,1950-1980,807132
Haringey,1,1,25.0,1950-1980,618753
Haringey,2,1,48.5,Post-2000,780117
Kensington and Chelsea,1,1,29.9,1950-1980,1059481
Southwark,3,2,94.3,1900-1950,976998
Westminster,1,1,43.1,1950-1980,959655
Waltham Forest,2,1,40.3,1950-1980,650657
Brent,2,1,41.7,1950-1980,710387
Bromley,2,1,51.2,1900-1950,762890
Tower Hamlets,2,2,66.3,1950-1980,805172
Lewisham,2,1,37.1,1900-1950,680074
Barking and Dagenham,3,2,74.9,1980-2000,750014
Hammersmith and Fulham,5,2,131.1,1950-1980,1307402
Hackney,2,1,70.1,Pre-1900,971472
Brent,1,1,35.9,Post-2000,650341
Waltham Forest,1,1,41.6,1980-2000,591408
Hackney,3,2,104.1,1900-1950,973733
Islington,2,2,51.4,Pre-1900,849269
Croydon,3,2,66.2,1980-2000,763587
Bromley,3,2,66.3,1950-1980,824554
Brent,4,2,84.4,Post-2000,1022810
Southwark,4,3,105.1,Pre-1900,1032649
Wandsworth,3,2,78.2,Pre-1900,1017646
Lambeth,2,1,67.8,Post-2000,870619
Lewisham,2,1,56.3,Post-2000,779551
Ealing,2,1,48.6,Pre-1900,800782
Newham,2,1,54.3,1980-2000,649658
Southwark,3,1,68.4,1900-1950,1004143
Waltham Forest,1,1,43.4,1980-2000,720109
Croydon,3,2,72.2,Post-2000,776471
Bromley,2,2,38.9,Pre-1900,677024
Newham,3,2,96.3,1900-1950,871022
Greenwich,1,1,36.6,Pre-1900,642933
Greenwich,2,1,30.1,Pre-1900,690631
Tower Hamlets,1,1,40.8,Pre-1900,677138
Bromley,4,2,100.9,Post-2000,1043485
Kensington and Chelsea,2,1,50.4,1900-1950,1163698
Ealing,1,1,30.8,1950-1980,644772
Bromley,1,1,36.8,1980-2000,649497
Tower Hamlets,3,2,90.7,1950-1980,993854
Barking and Dagenham,1,1,27.3,1950-1980,410544
Newham,5,3,133.6,Pre-1900,1138530
Ealing,2,2,62.2,1950-1980,703988
Lewisham,2,1,54.2,Pre-1900,689696
Barking and Dagenham,3,2,111.1,1980-2000,786697
Greenwich,2,1,64.8,1900-1950,770300
Tower Hamlets,3,2,70.1,1980-2000,823572
Hackney,2,1,48.8,1980-2000,746992
Wandsworth,5,3,140.7,1980-2000,1255640
Croydon,3,2,103.5,1900-1950,897291
Islington,3,2,105.2,1900-1950,1144176
Croydon,1,1,25.0,Post-2000,556011
Lambeth,2,2,42.0,Pre-1900,825640
Ealing,3,2,68.1,1900-1950,874404
Kensington and Chelsea,3,1,87.8,1980-2000,1394480
Croydon,1,1,62.6,Post-2000,699665
Barking and Dagenham,2,1,64.1,1950-1980,592387
Waltham Forest,2,1,32.1,1980-2000,684315
Brent,3,2,73.1,1950-1980,800152
Ealing,2,1,46.6,Pre-1900,765105
Waltham Forest,2,1,43.7,1980-2000,715060
Croydon,1,1,25.0,Post-2000,484843
Southwark,2,2,61.5,Post-2000,815013
Lewisham,1,1,38.2,Pre-1900,688182
Brent,5,3,156.4,1980-2000,1185767
Wandsworth,1,1,35.9,1950-1980,686867
Brent,4,2,82.7,Pre-1900,950564
Lewisham,2,1,40.1,1980-2000,655064
Bromley,2,1,53.6,Pre-1900,788903
Bromley,1,1,30.2,1950-1980,604187
Tower Hamlets,3,2,96.9,1900-1950,987768
Wandsworth,3,1,84.6,1950-1980,924192
Camden,2,1,56.8,1950-1980,941405
Hackney,1,1,31.6,1950-1980,721687
Lewisham,4,3,108.2,1950-1980,932901
Lambeth,5,3,141.3,1900-1950,1231474
Barking and Dagenham,2,1,72.9,1980-2000,683043
Croydon,3,2,82.7,Post-2000,863973
Ealing,2,2,55.5,1900-1950,794864
Islington,2,1,55.5,1950-1980,880400
Tower Hamlets,1,1,47.5,1980-2000,735122
Wandsworth,2,1,39.4,1950-1980,807371
Lambeth,3,2,110.6,1950-1980,986175
Bromley,1,1,25.0,1980-2000,631641
Greenwich,2,1,46.2,Pre-1900,689414
Hammersmith and Fulham,4,2,123.2,1950-1980,1317934
Lewisham,1,1,43.5,1950-1980,649705
Tower Hamlets,1,1,25.0,Pre-1900,671608
Ealing,3,2,67.6,1950-1980,821227
Hackney,2,1,60.2,1980-2000,879703
Ealing,1,1,63.2,1980-2000,741833
Hammersmith and Fulham,2,1,74.7,Pre-1900,1016113
Camden,2,2,52.3,Post-2000,1025870
Southwark,4,2,75.7,1980-2000,992595
Wandsworth,3,2,85.2,1950-1980,1017938
Brent,2,1,61.4,1900-1950,785428
Westminster,2,2,50.3,1950-1980,1026652
Croydon,5,3,127.2,Post-2000,1081118
Brent,1,1,30.4,1950-1980,596282
Croydon,1,1,25.0,1980-2000,543156
Ealing,5,3,168.1,1950-1980,1244387
Islington,5,3,162.8,1950-1980,1402583
Newham,1,1,37.9,1900-1950,629059
Waltham Forest,1,1,29.3,1980-2000,650118
Barking and Dagenham,2,1,46.1,1950-1980,565128
Barking and Dagenham,1,1,27.7,1900-1950,579745
Brent,3,1,108.6,1950-1980,969919
Tower Hamlets,1,1,41.0,Post-2000,760496
Brent,1,1,31.1,1980-2000,603256
Waltham Forest,2,1,69.9,1900-1950,805025
Kensington and Chelsea,5,3,148.2,Post-2000,1743219
Lewisham,2,1,61.9,Pre-1900,738297
Hackney,2,1,70.7,Pre-1900,893786
Hammersmith and Fulham,5,3,147.8,Pre-1900,1441511
Lewisham,2,1,68.9,Pre-1900,796310
Greenwich,2,1,58.4,Pre-1900,676464
Lewisham,2,1,52.2,1980-2000,707247
Waltham Forest,1,1,25.0,1980-2000,587406
Wandsworth,2,1,46.0,1980-2000,810130
Croydon,2,1,31.9,1980-2000,623139
Lambeth,2,2,42.3,1980-2000,810218
Lambeth,1,1,25.0,1900-1950,674935
Wandsworth,2,1,48.4,1980-2000,769987
Brent,2,2,79.4,1950-1980,799701
Haringey,1,1,25.6,Post-2000,731566
Greenwich,1,1,31.6,1900-1950,628524
Brent,4,2,116.1,Pre-1900,1100342
Kensington and Chelsea,2,2,79.8,1980-2000,1295453
Barking and Dagenham,1,1,25.0,1980-2000,467959
Wandsworth,3,1,80.7,1900-1950,1054814
Hammersmith and Fulham,1,1,26.4,1950-1980,813771
Greenwich,3,2,101.0,Pre-1900,890501
Haringey,3,1,104.2,Post-2000,1111570
Lewisham,3,2,91.1,Pre-1900,847071
Brent,3,2,102.5,Pre-1900,838425
Newham,1,1,30.7,Pre-1900,614102
Ealing,3,2,81.4,1950-1980,910866
Kensington and Chelsea,1,1,45.7,Pre-1900,1208943
Kensington and Chelsea,2,1,63.3,1980-2000,1189501
Westminster,4,2,101.0,Post-2000,1393029
Wandsworth,2,1,71.0,1900-1950,904637
Hackney,5,3,136.9,1980-2000,1192562
Bromley,1,1,25.0,Pre-1900,693482
Haringey,2,1,69.4,1950-1980,774516
Croydon,1,1,26.7,1900-1950,552980
Southwark,3,1,89.8,1900-1950,1023382
Tower Hamlets,1,1,37.9,1980-2000,703009
Tower Hamlets,1,1,25.0,Pre-1900,718144
Croydon,2,1,61.8,Post-2000,748753
Hammersmith and Fulham,3,2,104.2,1980-2000,1207021
Haringey,1,1,25.0,1980-2000,667173
Newham,3,2,90.7,Post-2000,909157
Ealing,1,1,25.0,Post-2000,668078
Westminster,1,1,43.3,1950-1980,913548
Ealing,2,1,71.2,1950-1980,841786
Newham,5,3,134.7,1900-1950,1125467
Croydon,1,1,61.1,1980-2000,659084
Tower Hamlets,1,1,44.6,1950-1980,663162
Wandsworth,3,1,94.6,Post-2000,1011805
Hackney,2,1,65.8,1900-1950,880389
Bromley,3,2,98.8,1900-1950,901398
Hammersmith and Fulham,1,1,25.0,1900-1950,804540
Bromley,2,1,58.9,Post-2000,814387
Hammersmith and Fulham,2,1,61.7,Pre-1900,1011566
Hackney,2,1,50.0,1950-1980,790805
Haringey,3,2,91.0,1950-1980,920529
Kensington and Chelsea,3,2,102.5,Pre-1900,1436898
Waltham Forest,2,1,49.7,1950-1980,631660
Greenwich,4,2,111.2,1950-1980,922527
Brent,2,1,43.7,Pre-1900,704773
Barking and Dagenham,1,1,25.0,1950-1980,415487
Newham,3,1,95.7,Post-2000,888732
Bromley,3,1,83.6,Post-2000,890758
Southwark,1,1,28.7,1950-1980,641948
Ealing,3,2,69.2,1950-1980,841310
Newham,2,1,53.2,1900-1950,655814
Bromley,3,2,100.4,Post-2000,1012587
Greenwich,3,2,84.0,1900-1950,808088
Bromley,2,1,56.4,1950-1980,688545
Newham,1,1,31.1,Pre-1900,580366
Hackney,3,2,65.5,1900-1950,938371
Haringey,3,2,93.4,Pre-1900,1023004
Brent,1,1,25.0,1980-2000,676995
Ealing,2,1,41.9,1950-1980,686106
Kensington and Chelsea,5,3,124.3,1950-1980,1507316
Haringey,2,1,53.4,1900-1950,761393
Hackney,1,1,25.0,Post-2000,688349
Lewisham,1,1,28.0,Pre-1900,625078
Islington,2,1,42.4,1900-1950,856939
Croydon,4,2,127.1,1980-2000,1034083
Southwark,3,2,96.5,Post-2000,978291
Lambeth,2,1,53.4,1900-1950,801628
Waltham Forest,3,2,76.8,1950-1980,789656
Hackney,3,2,75.3,1950-1980,867765
Westminster,2,1,51.3,Post-2000,1173281
Westminster,1,1,25.0,Pre-1900,956464
Haringey,3,2,69.6,1950-1980,831489
Barking and Dagenham,2,1,68.9,1900-1950,649469
Tower Hamlets,1,1,32.5,Pre-1900,766246
Croydon,2,1,80.5,Pre-1900,747099
Westminster,5,3,135.5,Post-2000,1553354
Lewisham,2,1,50.6,1900-1950,712744
Greenwich,5,3,133.9,Post-2000,1147441
Bromley,1,1,25.0,1900-1950,602610
Waltham Forest,3,1,74.1,Post-2000,884319
Lambeth,1,1,32.1,1980-2000,672984
Lambeth,2,1,56.4,Pre-1900,768507
Brent,2,1,48.4,1950-1980,748302
Camden,2,1,74.8,1900-1950,1100104
Tower Hamlets,3,2,112.4,1950-1980,1016830
Camden,3,2,101.5,1950-1980,1128040
Hammersmith and Fulham,2,1,64.4,1950-1980,859677
Newham,4,2,123.4,1980-2000,1008964
Hackney,2,1,83.8,1980-2000,907808
Kensington and Chelsea,1,1,39.4,1900-1950,1141565
Brent,1,1,25.0,Post-2000,585604
Kensington and Chelsea,2,1,61.9,Post-2000,1351337
Bromley,3,1,93.4,Pre-1900,888434
Hackney,1,1,25.0,Pre-1900,715236
Croydon,1,1,25.0,1950-1980,538686
Wandsworth,1,1,44.5,1950-1980,722997
Westminster,2,2,28.6,1900-1950,1063508
Hammersmith and Fulham,1,1,25.0,1900-1950,834220
Haringey,1,1,25.4,1980-2000,677755
Lewisham,2,1,61.3,1980-2000,692376
Brent,3,1,63.6,1900-1950,873669
Westminster,2,1,54.1,Post-2000,1196383
Hackney,2,1,73.3,1980-2000,905307
Tower Hamlets,1,1,29.0,1950-1980,614872
Camden,4,2,126.1,1980-2000,1225222
Hammersmith and Fulham,2,1,47.1,Pre-1900,975288
Bromley,5,3,127.9,1950-1980,1132391
Haringey,5,4,152.7,1900-1950,1260664
Brent,3,2,89.5,Pre-1900,870764
Croydon,1,1,25.0,1900-1950,489510
Greenwich,2,1,44.0,1900-1950,737581
Hackney,1,1,51.5,1980-2000,794657
Ealing,4,3,98.1,1980-2000,944100
Lewisham,3,2,98.0,Pre-1900,860418
Islington,5,3,132.8,Pre-1900,1297393
Tower Hamlets,3,2,84.0,1980-2000,844778
Bromley,2,2,60.4,Pre-1900,789732
Ealing,2,1,25.0,1900-1950,780865
Southwark,2,1,34.1,1950-1980,638329
Newham,2,1,57.3,Post-2000,725091
Wandsworth,3,2,73.1,Post-2000,1051450
Hammersmith and Fulham,4,2,126.9,1980-2000,1334284
Lambeth,2,1,31.9,1900-1950,701029
Southwark,4,2,120.5,1980-2000,1095821
Croydon,4,3,91.4,1900-1950,825511
Ealing,2,1,50.7,1900-1950,762108
Lewisham,2,2,40.0,1950-1980,656857
Islington,3,2,112.5,1980-2000,1193082
Greenwich,2,1,35.9,Pre-1900,643369
Southwark,1,1,26.2,Pre-1900,685998
Wandsworth,2,1,30.1,1980-2000,717372
Waltham Forest,5,3,164.0,Post-2000,1285990
Hammersmith and Fulham,1,1,34.0,1980-2000,905418
Islington,3,2,86.1,1950-1980,1048877
Islington,3,2,106.1,Post-2000,1144593
Hammersmith and Fulham,3,2,86.2,1980-2000,1132614
Ealing,2,1,59.3,1950-1980,734934
Bromley,3,2,86.0,1900-1950,951057
Ealing,2,2,64.5,1900-1950,814438
Lewisham,1,1,25.0,1950-1980,498719
Brent,5,3,136.8,1900-1950,1149657
Lewisham,2,1,68.2,1900-1950,800681
Westminster,3,2,88.2,1950-1980,1202322
Waltham Forest,2,1,54.3,1900-1950,733930
Lambeth,1,1,25.0,Post-2000,660089
Waltham Forest,5,3,162.5,Pre-1900,1208147
Westminster,3,2,74.1,1950-1980,1127483
Brent,1,1,42.8,1980-2000,640602
Brent,5,3,142.6,1950-1980,1178530
Bromley,3,2,64.6,1950-1980,760548
Ealing,2,1,74.8,1950-1980,821135
Lambeth,3,2,87.8,Post-2000,975535
Newham,1,1,48.0,Post-2000,702932
Lambeth,2,1,53.3,1980-2000,809998
Islington,1,1,38.6,1980-2000,847801
Hackney,2,1,29.6,Pre-1900,775584
Hackney,2,1,48.5,Post-2000,813792
Haringey,4,2,92.9,Post-2000,1005413
Waltham Forest,3,2,78.4,1950-1980,801496
Waltham Forest,1,1,35.1,1980-2000,667846
Westminster,4,3,102.9,1950-1980,1282192
Westminster,2,1,69.0,1900-1950,1190697
Hackney,3,2,71.2,Post-2000,1010139
Southwark,1,1,41.3,1950-1980,663436
Westminster,4,3,131.6,1950-1980,1381045
Lambeth,4,2,127.2,1980-2000,1094690
Newham,3,2,78.8,Post-2000,829818
Newham,4,2,80.1,1980-2000,819019
Haringey,2,1,64.7,1900-1950,889853
Tower Hamlets,4,2,110.1,1950-1980,1021504
Brent,2,1,41.3,Post-2000,754160
Greenwich,1,1,25.0,1950-1980,517888
Tower Hamlets,3,1,105.5,Post-2000,1073315
Westminster,3,2,66.9,Post-2000,1201085
Southwark,2,1,63.0,1980-2000,848782
Camden,1,1,31.3,1900-1950,884731
Hammersmith and Fulham,1,1,25.0,1900-1950,847599
Islington,2,1,65.7,1980-2000,962544
Hammersmith and Fulham,1,1,52.5,1950-1980,910119
Hackney,1,1,25.0,1980-2000,680925
Brent,2,1,52.4,1980-2000,743750
Kensington and Chelsea,5,3,149.3,1900-1950,1678629
Newham,3,2,97.8,1980-2000,872404
Islington,2,1,54.1,1950-1980,879205
Kensington and Chelsea,5,3,135.4,1900-1950,1583313
Lewisham,3,2,50.7,1950-1980,713485
Croydon,2,1,44.3,Post-2000,675752
Westminster,2,2,38.9,1950-1980,989077
Croydon,2,2,66.3,1900-1950,752092
Barking and Dagenham,1,1,25.0,1950-1980,489303
Hammersmith and Fulham,2,1,51.8,1900-1950,957924
Wandsworth,2,1,55.9,1950-1980,809859
Lewisham,2,1,42.9,Pre-1900,690862
Hackney,3,2,107.3,Post-2000,1096371
Lambeth,2,1,75.5,1900-1950,859335
Tower Hamlets,3,1,108.3,1950-1980,1002411
Ealing,2,2,66.3,Pre-1900,844472
Waltham Forest,5,4,139.6,Post-2000,1240674
Greenwich,2,1,80.2,1950-1980,787913
Ealing,4,2,101.8,Post-2000,1024025
Bromley,3,1,70.9,1980-2000,824570
Croydon,3,2,75.0,1980-2000,791572
Ealing,3,2,91.8,Post-2000,922884
Bromley,1,1,25.0,Pre-1900,583164
Kensington and Chelsea,5,3,137.7,1980-2000,1607270
Barking and Dagenham,1,1,25.0,1900-1950,531336
Brent,2,1,63.2,1980-2000,833539
Waltham Forest,2,1,33.2,Post-2000,705667
Lewisham,2,1,42.0,Post-2000,765494
Greenwich,3,1,102.3,Pre-1900,938291
Waltham Forest,4,2,129.7,1950-1980,988710
Haringey,2,1,61.6,1950-1980,788828
Kensington and Chelsea,5,3,144.1,Pre-1900,1652216
Kensington and Chelsea,2,1,48.0,Pre-1900,1272353
Haringey,1,1,25.0,1950-1980,624972
Wandsworth,1,1,25.0,Post-2000,709383
Hammersmith and Fulham,3,2,61.3,1950-1980,943544
Wandsworth,1,1,31.8,1980-2000,725414
Waltham Forest,2,1,56.7,1950-1980,627754
Lambeth,1,1,25.0,1980-2000,611773
Lewisham,2,1,79.5,Post-2000,863597
Waltham Forest,3,2,93.1,1950-1980,844582
Hammersmith and Fulham,2,1,66.4,Pre-1900,1098081
Wandsworth,1,1,25.0,1950-1980,721140
Ealing,2,1,56.0,Post-2000,786262
Brent,2,1,65.4,1950-1980,752515
Tower Hamlets,1,1,30.3,1950-1980,674808
Camden,2,1,80.0,Pre-1900,1085047
Southwark,3,2,80.9,Pre-1900,899522
Camden,1,1,25.0,Post-2000,886767
Southwark,2,2,65.5,1900-1950,821381
Southwark,2,1,37.0,1900-1950,800133
Barking and Dagenham,2,1,69.9,1950-1980,680762
Bromley,2,1,36.5,Post-2000,724162
Croydon,2,2,65.6,Pre-1900,725211
Waltham Forest,2,1,46.3,Post-2000,707640
Ealing,3,2,91.1,1900-1950,919169
Brent,1,1,41.6,Post-2000,781766
Wandsworth,3,2,86.3,Post-2000,1047195
Tower Hamlets,2,1,38.0,1900-1950,775823
Greenwich,2,1,42.5,Pre-1900,700699
Waltham Forest,3,2,73.1,Pre-1900,917316
Hammersmith and Fulham,2,1,27.6,1980-2000,806558
Kensington and Chelsea,2,2,72.9,Pre-1900,1315163
