,SMILES
ZINC000001530427,C[C@@H]1O[C@@H]1P(=O)(O)O
ZINC000003807804,Clc1ccccc1C(c1ccccc1)(c1ccccc1)n1ccnc1
ZINC000000120286,Nc1nc(N)c2nc(-c3ccccc3)c(N)nc2n1
ZINC000242548690,C[C@H]1O[C@@H](O[C@H]2[C@@H](O)C[C@H](O[C@H]3[C@@H](O)C[C@H](O[C@H]4CC[C@]5(C)[C@H]6C[C@@H](O)[C@]7(C)[C@@H](C8=CC(=O)OC8)CC[C@]7(O)[C@@H]6CC[C@@H]5C4)O[C@@H]3C)O[C@@H]2C)C[C@H](O)[C@@H]1O
ZINC000000008492,Oc1cccc2cccnc12
ZINC000003607120,COc1c(N2CCN[C@H](C)C2)c(F)cc2c(=O)c(C(=O)O)cn(C3CC3)c12
ZINC000001612996,CCc1c2c(nc3ccc(OC(=O)N4CCC(N5CCCCC5)CC4)cc13)-c1cc3c(c(=O)n1C2)COC(=O)[C@]3(O)CC
ZINC000003918087,COc1cccc2c1C(=O)c1c(O)c3c(c(O)c1C2=O)C[C@@](O)(C(=O)CO)C[C@@H]3O[C@H]1C[C@H](N)[C@H](O)[C@H](C)O1
ZINC000000001673,N[C@@H](Cc1ccc(N(CCCl)CCCl)cc1)C(=O)O
ZINC000000896546,Nc1nc(=O)[nH]cc1F
ZINC000051133897,CN1C(C(=O)Nc2ccccn2)=C(O)c2ccccc2S1(=O)=O
ZINC000004658290,S=c1[nH]cnc2nc[nH]c12
ZINC000001529323,CN(Cc1cnc2nc(N)nc(N)c2n1)c1ccc(C(=O)N[C@@H](CCC(=O)O)C(=O)O)cc1
ZINC000095616601,COc1cc2nc(N3CCN(C(=O)c4ccco4)CC3)nc(N)c2cc1OC
ZINC000014961096,Cn1c(=O)cc(N2CCC[C@@H](N)C2)n(Cc2ccccc2C#N)c1=O
ZINC000001633887,CCCC[C@@H](CC)COC(=O)/C=C/c1ccc(OC)cc1
ZINC000002005305,CN1c2c(nc(N)[nH]c2=O)NC[C@@H]1CNc1ccc(C(=O)N[C@@H](CCC(=O)O)C(=O)O)cc1
ZINC000003861806,COc1cc([C@@H]2c3cc4c(cc3[C@H](O)[C@H]3COC(=O)[C@H]23)OCO4)cc(OC)c1OC
ZINC000100009383,O=C[C@H](O)[C@@H](O)[C@H](O)[C@H](O)CO
ZINC000000018635,CN[C@@H]1CCc2[nH]c3ccc(C(N)=O)cc3c2C1
ZINC000002548959,COc1c2occc2cc2ccc(=O)oc12
ZINC000003831405,C=C[C@H]1CN2CC[C@H]1C[C@@H]2[C@@H](O)c1ccnc2ccc(OC)cc12
ZINC000003831404,C=C[C@H]1CN2CC[C@H]1C[C@H]2[C@H](O)c1ccnc2ccc(OC)cc12
ZINC000000389747,C=CCN1CC[C@]23c4c5ccc(O)c4O[C@H]2C(=O)CC[C@@]3(O)[C@H]1C5
ZINC000085205448,COC(=O)C1=C(C)NC(C)=C(C(=O)OC)C1c1ccccc1[N+](=O)[O-]
ZINC000000967520,CC1(C)[C@@H]2CC[C@@]1(C)C(=O)C2
ZINC000001633889,CCCC[C@H](CC)COC(=O)/C=C/c1ccc(OC)cc1
ZINC000003830635,CC(=O)N(O)CCCCCNC(=O)CCC(=O)N(O)CCCCCNC(=O)CCC(=O)N(O)CCCCCN
ZINC000026011099,COC(=O)C[C@](O)(CCCC(C)(C)O)C(=O)O[C@@H]1C(OC)=C[C@]23CCCN2CCc2cc4c(cc2[C@H]13)OCO4
ZINC000000005560,C[C@H](C(=O)O)c1cccc(C(=O)c2ccccc2)c1
ZINC000000005823,Cc1cccc(Nc2ccncc2S(=O)(=O)/N=C(\O)NC(C)C)c1
ZINC000000005895,CN(C)CCc1c[nH]c2ccc(Cn3cncn3)cc12
ZINC000000006016,COc1ccc([C@@H](CN(C)C)C2(O)CCCCC2)cc1
ZINC000000602128,O=C(O)CCCN1CCC(O[C@@H](c2ccc(Cl)cc2)c2ccccn2)CC1
ZINC000000607939,COC(=O)C1=C(C)NC(C)=C(C(=O)OC(C)C)[C@H]1c1cccc2nonc12
ZINC000000608382,Cc1c(-c2ccccc2)oc2c(C(=O)OCCN3CCCCC3)cccc2c1=O
ZINC000002568036,O=C1CN(/N=C/c2ccc(-c3ccc([N+](=O)[O-])cc3)o2)C(=O)N1
ZINC000002570817,Nc1c(CC(=O)O)cccc1C(=O)c1ccc(Br)cc1
ZINC000002599970,COc1ccc(C[C@@H](C)NC[C@H](O)c2ccc(O)c(NC=O)c2)cc1
ZINC000003956788,CC(=O)Oc1ccccc1C(=O)Nc1ncc([N+](=O)[O-])s1
ZINC000256433955,C#C[C@]1(O)CC[C@@H]2[C@@H]3CCC4=CC(=NO)CC[C@@H]4[C@@H]3CC[C@@]21CC
ZINC000100003902,Cc1nnc(C(C)C)n1[C@H]1C[C@@H]2CC[C@H](C1)N2CC[C@H](NC(=O)C1CCC(F)(F)CC1)c1ccccc1
ZINC000000025958,CNCc1ccc(-c2[nH]c3cc(F)cc4c3c2CCNC4=O)cc1
ZINC000000607986,O[C@@H](CNC[C@@H](O)[C@H]1CCc2cc(F)ccc2O1)[C@H]1CCc2cc(F)ccc2O1
ZINC000001530737,CN/C(=C/[N+](=O)[O-])NCCSCc1csc(CN(C)C)n1
ZINC000001690604,C[C@H](N)Cc1ccc(O)cc1
ZINC000003816287,CNC(=O)c1ccccc1Sc1ccc2c(/C=C/c3ccccn3)n[nH]c2c1
ZINC000003831551,C[C@@H](S)C(=O)NCC(=O)O
ZINC000003991624,OCc1cc([C@@H](O)CNCCCCCCOCCOCc2c(Cl)cccc2Cl)ccc1O
ZINC000004216238,Nc1nc(F)nc2c1ncn2[C@@H]1O[C@H](CO)[C@@H](O)[C@@H]1O
ZINC000150588351,COC(=O)N[C@H](C(=O)N1CCC[C@H]1c1nc(-c2ccc3c(c2)O[C@@H](c2ccccc2)n2c-3cc3cc(-c4c[nH]c([C@@H]5CCCN5C(=O)[C@@H](NC(=O)OC)C(C)C)n4)ccc32)c[nH]1)C(C)C
ZINC000008466459,CN[C@H](C)Cc1ccccc1
ZINC000009574770,CC[C@H]1OC(=O)[C@H](C)C(=O)[C@H](C)[C@@H](O[C@@H]2O[C@H](C)C[C@H](N(C)C)[C@H]2O)[C@](C)(OC)C[C@@H](C)C(=O)[C@H](C)[C@H]2N(CCCCn3cnc(-c4cccnc4)c3)C(=O)O[C@]12C
ZINC000014881137,CCCCCCCCCC[N+](C)(C)CCCCCCCCCC
ZINC000169677008,CO[C@H]1C[C@@H]2CC[C@@H](C)[C@@](O)(O2)C(=O)C(=O)N2CCCC[C@H]2C(=O)O[C@H]([C@H](C)C[C@@H]2CC[C@@H](OCCO)[C@H](OC)C2)CC(=O)[C@H](C)/C=C(\C)[C@@H](O)[C@@H](OC)C(=O)[C@H](C)C[C@H](C)/C=C/C=C/C=C/1C
ZINC000034089131,CC(=O)[C@@]1(O)CC[C@H]2[C@@H]3CCC4=CC(=O)CCC4=C3[C@@H](c3ccc(N(C)C)cc3)C[C@@]21C
ZINC000053084692,C[C@H](NCc1ccc(OCc2cccc(F)c2)cc1)C(N)=O
ZINC000100070954,CCC1=C(C)CN(C(=O)NCCc2ccc(S(=O)(=O)NC(=O)N[C@@H]3CC[C@H](C)CC3)cc2)C1=O
ZINC000169621219,C=C1C[C@@H]2CC[C@@]34C[C@H]5O[C@H]6[C@@H](O3)[C@H]3O[C@@H](CC[C@@H]3O[C@H]6[C@H]5O4)CC(=O)C[C@H]3[C@H](C[C@H]4O[C@@H](CC[C@@H]1O2)C[C@@H](C)C4=C)O[C@H](C[C@H](O)CN)[C@@H]3OC
ZINC000100014475,O=C1CCCC(=O)C1C(=O)c1ccc(C(F)(F)F)cc1[N+](=O)[O-]
ZINC000256433952,C#C[C@]1(O)CC[C@@H]2[C@@H]3CCC4=CC(=NO)CC[C@@H]4[C@H]3CC[C@]21CC
ZINC000000002299,CN1C[C@@H]2c3ccccc3Oc3ccc(Cl)cc3[C@H]2C1
ZINC000000896666,N[C@H]1C[C@H]1c1ccccc1
ZINC000001554010,CC(C)C(=O)O[C@@H](C)OC(=O)NCC1(CC(=O)O)CCCCC1
ZINC000245204924,Cl[C@H]1[C@H](Cl)[C@@H](Cl)[C@@H](Cl)[C@H](Cl)[C@H]1Cl
ZINC000003830960,COCC(=O)Nc1c(I)c(C(=O)NC[C@@H](O)CO)c(I)c(C(=O)N(C)C[C@@H](O)CO)c1I
ZINC000004212809,CC(=O)OCC(=O)[C@@]12N=C(C)O[C@@H]1C[C@H]1[C@@H]3CCC4=CC(=O)C=C[C@]4(C)[C@H]3[C@@H](O)C[C@@]12C
ZINC000004658603,CC(=O)NO
ZINC000008101127,CC1(C)C(C=C/C=C\C=C/C=C2/N(CCCCS(=O)(=O)O)c3ccc4ccccc4c3C2(C)C)=[N+](CCCCS(=O)(=O)O)c2ccc3ccccc3c21
ZINC000013587680,CC#CC[C@H](C)[C@H](O)/C=C/[C@@H]1[C@H]2C/C(=C/CCCC(=O)O)C[C@H]2C[C@H]1O
ZINC000028108825,O=C(O)CN(CCN(CC(=O)O)C[C@H](CO[P@](=O)(O)OC1CCC(c2ccccc2)(c2ccccc2)CC1)N(CC(=O)O)CC(=O)O)CC(=O)O
ZINC000100013500,C=C[C@]1(C)C[C@@H](OC(=O)CS[C@H]2C[C@@H]3CC[C@H](C2)N3C)[C@]2(C)[C@H](C)CC[C@]3(CCC(=O)[C@H]32)[C@@H](C)[C@@H]1O
ZINC000003833846,Cc1c(O)cccc1C(=O)N[C@@H](CSc1ccccc1)[C@H](O)CN1C[C@H]2CCCC[C@H]2C[C@H]1C(=O)NC(C)(C)C
ZINC000003927200,C[C@]12CC[C@H]3[C@H]([C@@H]1[C@@H]1C[C@@H]1[C@@]21CCC(=O)O1)[C@H]1C[C@H]1C1=CC(=O)CC[C@@]13C
ZINC000008214635,CCCCCCCCCCC[C@@H](C[C@@H]1OC(=O)[C@H]1CCCCCC)OC(=O)[C@H](CC(C)C)NC=O
ZINC000012360535,NNc1nncc2ccccc12
ZINC000019364219,CC[C@@H](CO)NCCN[C@@H](CC)CO
ZINC000003813010,O=c1[nH]c(=O)n([C@H]2C[C@H](O)[C@@H](CO)O2)cc1F
ZINC000003806063,C[C@H](Cc1cc2c(c(C(N)=O)c1)N(CCCO)CC2)NCCOc1ccccc1OCC(F)(F)F
ZINC000000004448,Cc1nccn1C[C@H]1CCc2c(c3ccccc3n2C)C1=O
ZINC000009212654,CC1=C(/C=C/C(C)=C\C=C/C(C)=C\C(=O)O)C(C)(C)CCC1
ZINC000000538564,C[C@](O)(CS(=O)(=O)c1ccc(F)cc1)C(=O)Nc1ccc(C#N)c(C(F)(F)F)c1
ZINC000118913562,CCOC(=O)O[C@]1(C(=O)COC(=O)CC)CC[C@H]2[C@@H]3CCC4=CC(=O)C=C[C@]4(C)[C@H]3[C@H](O)C[C@@]21C
ZINC000019632718,COCCOC(=O)C1=C(C)NC(C)=C(C(=O)OC(C)C)[C@H]1c1cccc([N+](=O)[O-])c1
ZINC000000897251,COc1cc2c(cc1OC)C(=O)[C@H](CC1CCN(Cc3ccccc3)CC1)C2
ZINC000000968326,CCc1ccc(CCOc2ccc(C[C@@H]3SC(=O)NC3=O)cc2)nc1
ZINC000000968345,CC[C@H](C)C1(CC)C(=O)NC(=O)NC1=O
ZINC000001554588,CC(=O)NCCCS(=O)(=O)O
ZINC000003830569,O=C(O)[C@H]1/C(=C/CO)O[C@@H]2CC(=O)N21
ZINC000000592419,O=C(Nc1c(Cl)cncc1Cl)c1ccc(OC(F)F)c(OCC2CC2)c1
ZINC000021297660,COc1c(C)c2c(c(O)c1C/C=C(\C)CCC(=O)OCCN1CCOCC1)C(=O)OC2
ZINC000001530555,Nc1nc2c(ncn2COCCO)c(=O)[nH]1
ZINC000100024116,Cl[C@H]1[C@H](Cl)[C@@H](Cl)[C@@H](Cl)[C@H](Cl)[C@H]1Cl
ZINC000009224016,Cc1[nH]c(=O)c(C#N)cc1-c1ccncc1
ZINC000019632713,COCCOC(=O)C1=C(C)NC(C)=C(C(=O)OC(C)C)[C@@H]1c1cccc([N+](=O)[O-])c1
ZINC000003944422,CC(C)c1nc(CN(C)C(=O)N[C@H](C(=O)N[C@@H](Cc2ccccc2)C[C@H](O)[C@H](Cc2ccccc2)NC(=O)OCc2cncs2)C(C)C)cs1
ZINC000008403947,CC(C)(N)Cc1ccccc1
ZINC000052955754,CN1C[C@H](C(=O)N[C@]2(C)O[C@@]3(O)[C@@H]4CCCN4C(=O)[C@H](Cc4ccccc4)N3C2=O)C=C2c3cccc4[nH]cc(c34)C[C@H]21
ZINC000003815424,C#C[C@]1(O)CC[C@H]2[C@@H]3CCc4cc(OC)ccc4[C@H]3CC[C@@]21C
ZINC000004097383,CC(=O)O[C@H]1C[C@@H]2CC[C@@H]3[C@H](CC[C@@]4(C)[C@H]3C[C@H]([N+]3(C)CCCCC3)[C@@H]4OC(C)=O)[C@@]2(C)C[C@@H]1[N+]1(C)CCCCC1
ZINC000003960338,CCC(=O)NCC[C@@H]1CCc2ccc3c(c21)CCO3
ZINC000003861768,Nc1ncn([C@@H]2O[C@H](CO)[C@@H](O)[C@H]2O)c(=O)n1
ZINC000000538266,Fc1ccccc1C1=NCC(=S)N(CC(F)(F)F)c2ccc(Cl)cc21
ZINC000238809662,COc1ccc(C[C@H]2c3cc(OC)c(OC)cc3CC[N@@+]2(C)CCC(=O)OCCCCCOC(=O)CC[N@@+]2(C)CCc3cc(OC)c(OC)cc3[C@H]2Cc2ccc(OC)c(OC)c2)cc1OC
ZINC000253387843,C[C@@H]1OC(=O)C[C@H](O)C[C@H](O)CC[C@@H](O)[C@H](O)C[C@H](O)C[C@]2(O)C[C@H](O)[C@@H](C(=O)O)[C@H](C[C@@H](O[C@@H]3O[C@H](C)[C@@H](O)[C@H](N)[C@@H]3O)/C=C/C=C/C=C/C=C/C=C/C=C/C=C/[C@H](C)[C@@H](O)[C@H]1C)O2
ZINC000012503291,C[N+]1(C)[C@H]2CC(OC(=O)C(O)(c3cccs3)c3cccs3)C[C@@H]1[C@@H]1O[C@@H]12
ZINC000000113442,Cc1ncc([N+](=O)[O-])n1CCO
ZINC000001538857,COc1ccccc1Oc1c(NS(=O)(=O)c2ccc(C(C)(C)C)cc2)nc(-c2ncccn2)nc1OCCO
ZINC000001542392,COc1cc2nc(N(C)CCCNC(=O)[C@@H]3CCCO3)nc(N)c2cc1OC
ZINC000003820029,CC#CCn1c(N2CCC[C@@H](N)C2)nc2c1c(=O)n(Cc1nc(C)c3ccccc3n1)c(=O)n2C
ZINC000011616925,C#CC[C@H](Cc1cnc2nc(N)nc(N)c2n1)c1ccc(C(=O)N[C@@H](CCC(=O)O)C(=O)O)cc1
ZINC000022056030,C#CCN(C)[C@@H](C)Cc1ccccc1
ZINC000000004778,Cc1ccnc2c1NC(=O)c1cccnc1N2C1CC1
ZINC000000000746,CC(C)(C)NC[C@H](O)c1cc(O)cc(O)c1
ZINC000000136138,COc1ccc(C(=O)c2ccccc2)c(O)c1
ZINC000001530752,CCN(CC)CC#CCOC(=O)[C@](O)(c1ccccc1)C1CCCCC1
ZINC000002005550,C=CCC1([C@@H](C)CCC)C(=O)NC(=O)NC1=O
ZINC000003938704,COc1cccc2c1C(=O)c1c(O)c3c(c(O)c1C2=O)C[C@@](O)(C(=O)CO)C[C@@H]3O[C@H]1C[C@H](N)[C@@H](O)[C@H](C)O1
ZINC000247651495,O=[Si](O)O[Si](O)(O)O[Si](=O)O
ZINC000028232755,CCCCC(=O)OCC(=O)[C@]1(O)Cc2c(O)c3c(c(O)c2[C@@H](O[C@H]2C[C@H](NC(=O)C(F)(F)F)[C@@H](O)[C@@H](C)O2)C1)C(=O)c1c(OC)cccc1C3=O
ZINC000029416466,CC(C)(C)NC(=O)[C@@H]1C[C@H]2CCCC[C@H]2CN1C[C@@H](O)[C@H](Cc1ccccc1)NC(=O)[C@H](CC(N)=O)NC(=O)c1ccc2ccccc2n1
ZINC000003778874,N#Cc1ccc(C(c2ccc(C#N)cc2)n2cncn2)cc1
ZINC000003812944,CC(C)C(=O)Nc1ccc([N+](=O)[O-])c(C(F)(F)F)c1
ZINC000000538509,COc1cc(C(=O)NCc2ccc(OCCN(C)C)cc2)cc(OC)c1OC
ZINC000001482049,N[C@H](C(=O)O)[C@H](O)c1ccc(O)c(O)c1
ZINC000242437513,CN[C@H](C)[C@@H]1CC[C@H](N)[C@H](O[C@@H]2[C@H](N)C[C@H](N)[C@H](O[C@@H]3OC[C@](C)(O)[C@H](NC)[C@@H]3O)[C@@H]2O)O1
ZINC000003784120,CC#CC[C@@H](C)[C@H](O)/C=C/[C@@H]1[C@H]2C/C(=C/CCCC(=O)O)C[C@H]2C[C@H]1O
ZINC000003830958,COCC(=O)Nc1c(I)c(C(=O)NC[C@H](O)CO)c(I)c(C(=O)N(C)C[C@@H](O)CO)c1I
ZINC000004213474,CC1(C)O[C@@H]2C[C@H]3[C@@H]4CCC5=CC(=O)CC[C@]5(C)[C@@]4(F)[C@@H](O)C[C@]3(C)[C@]2(C(=O)CCl)O1
ZINC000247316127,O[Si](O)(O)O[Si](O)(O)O
ZINC000008214662,CCCCCCCCCCCCOCCOCCOCCOCCOCCOCCOCCOCCOCCO
ZINC000016159083,CC(C)COc1ccc(CNC(=O)N(Cc2ccc(F)cc2)C2CCN(C)CC2)cc1
ZINC000022851765,CCOc1ccc(C[C@H](CN(CCN(CC(=O)O)CC(=O)O)CC(=O)O)N(CC(=O)O)CC(=O)O)cc1
ZINC000028232750,CCCCC(=O)OCC(=O)[C@]1(O)Cc2c(O)c3c(c(O)c2[C@@H](O[C@@H]2C[C@H](NC(=O)C(F)(F)F)[C@@H](O)[C@@H](C)O2)C1)C(=O)c1c(OC)cccc1C3=O
ZINC000028639340,CC[C@@H]([C@H](C)O)n1ncn(-c2ccc(N3CCN(c4ccc(OC[C@H]5CO[C@@](Cn6cncn6)(c6ccc(F)cc6F)C5)cc4)CC3)cc2)c1=O
ZINC000003794601,CN(C)CCC[C@]1(c2ccc(F)cc2)OCc2cc(C#N)ccc21
ZINC000003813003,O=C1CN=C(c2ccccc2Cl)c2cc([N+](=O)[O-])ccc2N1
ZINC000004258316,Cn1cnc([N+](=O)[O-])c1Sc1ncnc2nc[nH]c12
ZINC000145808877,CNc1ccc(/C=C\c2ccc(OCCOCCOCCF)nc2)cc1
ZINC000001543873,O=C(CCCCCCC(=O)Nc1ccccc1)NO
ZINC000001846431,O=C[C@H](F)[C@@H](O)[C@H](O)[C@H](O)CO
ZINC000003818726,O=C(/C=C/c1cccc(S(=O)(=O)Nc2ccccc2)c1)NO
ZINC000003843378,COC(=O)/C=C/C(=O)OC
ZINC000004214603,C[C@H]1C[C@H]2[C@@H]3C[C@H](F)C4=CC(=O)C=C[C@]4(C)[C@@]3(F)[C@@H](O)C[C@]2(C)[C@@]1(O)C(=O)CCl
ZINC000005844788,O[C@@H](CNC[C@@H](O)[C@H]1CCc2cc(F)ccc2O1)[C@@H]1CCc2cc(F)ccc2O1
ZINC000253498282,C#C[C@]1(O)CC[C@@H]2[C@@H]3CCC4=CC(=O)CC[C@@H]4[C@@H]3CC[C@@]21CC
ZINC000014164617,CC[C@@H]1[C@@H]2C[C@H](O)CC[C@]2(C)[C@H]2CC[C@@]3(C)[C@@H](CC[C@@H]3[C@H](C)CCC(=O)O)[C@@H]2[C@@H]1O
ZINC000204073689,CCOC(=O)N[C@@H]1CC[C@@H]2[C@@H](C1)C[C@H]1C(=O)O[C@H](C)[C@H]1[C@H]2/C=C\c1ccc(-c2cccc(F)c2)cn1
ZINC000100008319,C[N+]1(C)[C@H]2C[C@H](OC(=O)C(O)(c3cccs3)c3cccs3)C[C@@H]1[C@H]1O[C@@H]21
ZINC000100061056,CN1C=CC=C/C1=C/N=O
ZINC000100052685,CC#CC[C@H](C)[C@@H](O)/C=C/[C@@H]1[C@@H](O)C[C@@H]2C/C(=C/CCCC(=O)OCC(=O)c3ccccc3)C[C@H]21
ZINC000100052691,CC#CC[C@H](C)[C@H](O)/C=C/[C@@H]1[C@@H](O)C[C@@H]2C/C(=C/CCCC(=O)OCC(=O)c3ccccc3)C[C@H]21
ZINC000003800008,C=CCN1C[C@H](C(=O)N(CCCN(C)C)C(=O)NCC)C[C@@H]2c3cccc4[nH]cc(c34)C[C@H]21
ZINC000003830347,C=CCC1(CC(C)C)C(=O)NC(=O)NC1=O
ZINC000003921872,C=C1/C(=C\C=C2/CCC[C@@]3(C)[C@H]2CC[C@@H]3[C@H](C)/C=C/[C@@H](O)C2CC2)C[C@@H](O)C[C@@H]1O
ZINC000012404516,CN(C)CCOc1ccc(/C(=C(/CCCl)c2ccccc2)c2ccccc2)cc1
ZINC000004099032,C[C@]12CC[C@@H]3c4ccc(OC(=O)N(CCCl)CCCl)cc4CC[C@H]3[C@@H]1CC[C@@H]2O
ZINC000000002101,Nc1ccc(S(N)(=O)=O)cc1
ZINC000001530751,CCN(CC)CC#CCOC(=O)[C@@](O)(c1ccccc1)C1CCCCC1
ZINC000001530981,CN(C/C=C/C#CC(C)(C)C)Cc1cccc2ccccc12
ZINC000001530862,COc1cc(N[C@@H](C)CCCN)c2ncccc2c1
ZINC000003824921,CC(C)(C(=O)O)c1ccc([C@@H](O)CCCN2CCC(C(O)(c3ccccc3)c3ccccc3)CC2)cc1
ZINC000053229445,C=CC[N+]1([C@H]2C[C@H]3[C@@H]4CC[C@H]5C[C@H](O)[C@@H](N6CCOCC6)C[C@]5(C)[C@H]4CC[C@]3(C)[C@H]2OC(C)=O)CCCC1
ZINC000000002041,CCCN(CCC)CCc1cccc2c1CC(=O)N2
ZINC000068153186,CC(C)(C)c1nc(-c2cccc(NS(=O)(=O)c3c(F)cccc3F)c2F)c(-c2ccnc(N)n2)s1
ZINC000068202099,Cc1c(C(=O)Nc2ccc(N3C[C@H](C)O[C@H](C)C3)nc2)cccc1-c1ccc(OC(F)(F)F)cc1
ZINC000068204830,COC(=O)N[C@H](C(=O)N1CCC[C@H]1c1ncc(-c2ccc(-c3ccc(-c4cnc([C@@H]5CCCN5C(=O)[C@@H](NC(=O)OC)C(C)C)[nH]4)cc3)cc2)[nH]1)C(C)C
ZINC000100052681,CC#CC[C@@H](C)[C@@H](O)/C=C/[C@@H]1[C@@H](O)C[C@@H]2C/C(=C/CCCC(=O)OCC(=O)c3ccccc3)C[C@H]21
ZINC000003872566,CC(C)(C(=O)O)c1ccc([C@H](O)CCCN2CCC(C(O)(c3ccccc3)c3ccccc3)CC2)cc1
ZINC000003872994,CC(=O)N1CCN(c2ccc(OC[C@H]3CO[C@@](Cn4ccnc4)(c4ccc(Cl)cc4Cl)O3)cc2)CC1
ZINC000000000061,NC[C@H](CC(=O)O)c1ccc(Cl)cc1
ZINC000000085733,NC[C@@H](CC(=O)O)c1ccc(Cl)cc1
ZINC000001536109,C#CC[C@@H](Cc1cnc2nc(N)nc(N)c2n1)c1ccc(C(=O)N[C@@H](CCC(=O)O)C(=O)O)cc1
ZINC000001546066,C#Cc1cccc(Nc2ncnc3cc(OCCOC)c(OCCOC)cc23)c1
ZINC000001530863,COc1cc(N[C@H](C)CCCN)c2ncccc2c1
ZINC000019632633,C#CCN(C)[C@H](C)Cc1ccccc1
ZINC000100052688,CC#CC[C@@H](C)[C@H](O)/C=C/[C@@H]1[C@@H](O)C[C@@H]2C/C(=C/CCCC(=O)OCC(=O)c3ccccc3)C[C@H]21
ZINC000003802690,C=C1[C@@H](n2cnc3c(=O)[nH]c(N)nc32)C[C@H](O)[C@H]1CO
ZINC000003798750,C=C[C@@H](N)CCC(=O)O
ZINC000003874950,C=CCC1([C@H](C)CCC)C(=O)NC(=O)NC1=O
ZINC000000895042,N[C@@H](CS)C(=O)O
ZINC000000895048,OCC(O)CO
ZINC000000895316,C[C@H](O)CO
ZINC000000901791,O=C(O)[C@@H]1C[C@@H](O)CN1
ZINC000001531008,O=C(O)[C@H](O)[C@@H](O)[C@H](O)[C@H](O)CO
ZINC000001532522,NCCCC[C@H](N)C(=O)O
ZINC000002539702,O=C1O[C@H](CO)[C@@H](O)[C@H](O)[C@H]1O
ZINC000003809490,NCCS(=O)(=O)O
ZINC000003830891,N[C@@H](CCC(=O)N[C@@H](CS)C(=O)NCC(=O)O)C(=O)O
ZINC000004474414,C=C1CC[C@H](O)C/C1=C/C=C1\CCC[C@@]2(C)[C@H]1CC[C@@H]2[C@H](C)CCCC(C)(C)O
ZINC000008214573,O=S(O)(O)=S
ZINC000018279893,OC[C@H](O)[C@@H](O)[C@H](O)[C@H](O)CO
ZINC000033943508,CC1=C(/C=C/C(C)=C\C=C\C(C)=C/C(=O)O)C(C)(C)CCC1
ZINC000100017404,COC(=O)/C=C\C(=O)OC
ZINC000000001011,O=C(O)c1ccccc1
ZINC000000001411,C=CCc1ccc(O)c(OC)c1
ZINC000000895318,C[C@@H](O)CO
ZINC000001530575,COc1cc(CNC(=O)CCCC/C=C/C(C)C)ccc1O
ZINC000002016052,ClC[C@H]1CO1
ZINC000003780893,CCC(C)(C)C(=O)O[C@H]1C[C@@H](C)C=C2C=C[C@H](C)[C@H](CC[C@@H]3C[C@@H](O)CC(=O)O3)[C@H]21
ZINC000003875332,C[C@@H]1C[C@H]2[C@@H]3CCC4=CC(=O)C=C[C@]4(C)[C@@]3(F)[C@@H](O)C[C@]2(C)[C@@]1(O)C(=O)CO
ZINC000004095858,Cc1c(C)c2c(c(C)c1O)CC[C@@](C)(CCC[C@H](C)CCC[C@H](C)CCCC(C)C)O2
ZINC000008577218,Nc1nc(O)c2nc(CNc3ccc(C(=O)N[C@@H](CCC(=O)O)C(=O)O)cc3)cnc2n1
ZINC000000643143,CC(=O)N1CCN(c2ccc(OC[C@@H]3CO[C@](Cn4ccnc4)(c4ccc(Cl)cc4Cl)O3)cc2)CC1
ZINC000100015048,C=C1/C(=C\C=C2/CCC[C@@]3(C)[C@H]2CC[C@@H]3[C@H](C)CCCC(C)(C)O)C[C@@H](O)C[C@@H]1O
ZINC000004474460,C=C1CC[C@H](O)C/C1=C/C=C1\CCC[C@@]2(C)[C@H]1CC[C@@H]2[C@H](C)CCCC(C)C
ZINC000004629876,C=C1CC[C@H](O)C/C1=C/C=C1\CCC[C@@]2(C)[C@H]1CC[C@@H]2[C@H](C)/C=C/[C@H](C)C(C)C
ZINC000004228257,C[C@H](O)[C@@H](O)[C@@H]1CNc2nc(N)[nH]c(=O)c2N1
ZINC000003800706,CN(C)CCC[C@@]1(c2ccc(F)cc2)OCc2cc(C#N)ccc21
ZINC000001530303,CC(C)(CO)[C@@H](O)C(=O)NCCCO
ZINC000001532517,CC(=O)C(=O)O
ZINC000001532805,O=C(O)CCCO
ZINC000003807917,C[C@]12CC[C@H]3[C@@H](CC=C4C[C@@H](O)CC[C@@]43C)[C@@H]1CCC2=O
ZINC000003812851,C[C@H](N[C@@H](CCc1ccccc1)C(=O)O)C(=O)N1CCC[C@H]1C(=O)O
ZINC000003914810,C[C@H](CCC(=O)O)[C@H]1CC[C@H]2[C@@H]3CC[C@@H]4C[C@H](O)CC[C@]4(C)[C@H]3C[C@H](O)[C@@]21C
ZINC000004658557,O=C(O)CO
ZINC000009212428,Nc1nc2c(c(=O)[nH]1)N(C=O)[C@H](CNc1ccc(C(=O)N[C@@H](CCC(=O)O)C(=O)O)cc1)CN2
ZINC000013585233,C[C@H](O)[C@H](O)[C@H]1CNc2nc(N)[nH]c(=O)c2N1
ZINC000169621220,C[C@@H]1C/C=C/C=C/C=C/C=C/[C@H](O[C@H]2O[C@H](C)[C@@H](O)[C@H](N)[C@@H]2O)C[C@@H]2O[C@](O)(C[C@@H](O)C[C@H]3O[C@@H]3/C=C/C(=O)O1)C[C@H](O)[C@H]2C(=O)O
ZINC000000001084,Cn1c(=O)c2c(ncn2C)n(C)c1=O
ZINC000000049153,Cc1ncc(C[n+]2csc(CCO)c2C)c(N)n1
ZINC000001487602,ClC[C@@H]1CO1
ZINC000100006770,O=C1O[C@H]([C@@H](O)CO)C(O)=C1O
ZINC000002036848,Cc1cc2nc3c(=O)[nH]c(=O)nc-3n(C[C@H](O)[C@H](O)[C@H](O)CO)c2cc1C
ZINC000003830218,CC1(C)S[C@@H]2[C@H](NC(=O)[C@H](N)c3ccccc3)C(=O)N2[C@H]1C(=O)O
ZINC000003881958,C#C[C@]1(O)CC[C@H]2[C@@H]3CCC4=Cc5oncc5C[C@]4(C)[C@H]3CC[C@@]21C
ZINC000004217475,OC[C@H]1O[C@H](O[C@]2(CO)O[C@H](CO)[C@@H](O)[C@@H]2O)[C@H](O)[C@@H](O)[C@@H]1O
ZINC000018043251,Cn1c(=O)c2[nH]cnc2n(C)c1=O
ZINC000034676245,N[C@@H]1CON=C1O
ZINC000000002005,N=C(O)c1cnccn1
ZINC000000000346,C[N+]1(C)CC[C@H](OC(=O)[C@](O)(c2ccccc2)C2CCCC2)C1
ZINC000000000506,CCN(CC)C(=O)[C@@]1(c2ccccc2)C[C@H]1CN
ZINC000000004076,CNS(=O)(=O)CCc1ccc2[nH]cc(C3CCN(C)CC3)c2c1
ZINC000000001899,Nc1nc2c(ncn2CCC(CO)CO)c(=O)[nH]1
ZINC000000020231,Nc1cc(Cl)c(N=C2NCCN2)c(Cl)c1
ZINC000000004840,Cc1oncc1C(=O)Nc1ccc(C(F)(F)F)cc1
ZINC000000596731,CN(CCOc1ccc(NS(C)(=O)=O)cc1)CCc1ccc(NS(C)(=O)=O)cc1
ZINC000000896484,Clc1cccc(Cl)c1N=C1NCCN1
ZINC000002570895,Cc1ccc(-c2cc(C(F)(F)F)nn2-c2ccc(S(N)(=O)=O)cc2)cc1
ZINC000001529266,CCN(CC)C(=S)SSC(=S)N(CC)CC
ZINC000000602632,Cc1cc(C#N)cc(C)c1Oc1nc(Nc2ccc(C#N)cc2)nc(N)c1Br
ZINC000084400879,COC(=O)C1=C(C)NC(C)=C(C(=O)OCCN(C)Cc2ccccc2)[C@H]1c1cccc([N+](=O)[O-])c1
ZINC000019796087,COC(=O)C1=C(C)NC(C)=C(C(=O)OCCN(C)Cc2ccccc2)[C@@H]1c1cccc([N+](=O)[O-])c1
ZINC000000538275,O=C(c1ccc(OCCN2CCCCC2)cc1)c1c(-c2ccc(O)cc2)sc2cc(O)ccc12
ZINC000000596881,Clc1ccc(CO[C@H](Cn2ccnc2)c2ccc(Cl)cc2Cl)cc1
ZINC000012414057,CN(C)c1ccc2nc3ccc(=[N+](C)C)cc-3sc2c1
ZINC000000003876,Cc1ccc(-c2nc3ccc(C)cn3c2CC(=O)N(C)C)cc1
ZINC000000009342,CN(C)C[C@H](c1ccc(O)cc1)C1(O)CCCCC1
ZINC000003079342,C[N+](C)(C)CCOC(N)=O
ZINC000000004319,C[C@H](CCc1ccccc1)NC[C@H](O)c1ccc(O)c(C(N)=O)c1
ZINC000000074836,CN[C@@H](C)[C@H](O)c1ccccc1
ZINC000000601301,NS(=O)(=O)c1cc2c(cc1C(F)(F)F)N[C@@H](Cc1ccccc1)NS2(=O)=O
ZINC000004468778,C=CC1=C(C(=O)O)N2C(=O)[C@@H](NC(=O)/C(=N\OCC(=O)O)c3csc(N)n3)[C@H]2SC1
ZINC000004474405,CCNC(=O)CCC/C=C\C[C@H]1[C@@H](O)C[C@@H](O)[C@@H]1/C=C/[C@@H](O)CCc1ccccc1
ZINC000004693575,COc1ccc2nc([S@@](=O)Cc3ncc(C)c(OC)c3C)[nH]c2c1
ZINC000000020228,C[C@H](NC(C)(C)C)C(=O)c1cccc(Cl)c1
ZINC000001542930,CCCCCCC(C)(C)c1cc(O)c2c(c1)OC(C)(C)[C@@H]1CCC(=O)C[C@@H]21
ZINC000001550477,CS(=O)(=O)CCNCc1ccc(-c2ccc3ncnc(Nc4ccc(OCc5cccc(F)c5)c(Cl)c4)c3c2)o1
ZINC000001542113,N#Cc1ccc2[nH]cc(CCCCN3CCN(c4ccc5oc(C(N)=O)cc5c4)CC3)c2c1
ZINC000000968310,CN1CCN2c3ncccc3Cc3ccccc3[C@H]2C1
ZINC000242437511,CN[C@H](C)[C@@H]1CC[C@H](N)[C@H](O[C@@H]2[C@H](N)C[C@H](N)[C@H](O[C@@H]3OC[C@](C)(O)[C@H](NC)[C@H]3O)[C@@H]2O)O1
ZINC000245204949,C[N@+]1(CC2CC2)CC[C@]23c4c5ccc(O)c4O[C@H]2C(=O)CC[C@@]3(O)[C@H]1C5
ZINC000003830943,CC(=O)N(C[C@H](O)CO)c1c(I)c(C(=O)NC[C@H](O)CO)c(I)c(C(=O)NC[C@H](O)CO)c1I
ZINC000003875368,O=C1CN(/N=C/c2ccc([N+](=O)[O-])o2)C(=O)N1
ZINC000148723177,COc1cc(N2CCC(N3CCN(C)CC3)CC2)ccc1Nc1ncc(Cl)c(Nc2ccccc2P(C)(C)=O)n1
ZINC000004641374,C=C1/C(=C\C=C2/CCC[C@@]3(C)[C@H]2CC[C@@H]3[C@H](C)/C=C/[C@H](C)C(C)C)C[C@@H](O)C[C@@H]1O
ZINC000252679615,O=C1CN(N=Cc2ccc(-c3ccc([N+](=O)[O-])cc3)o2)C(O)=N1
ZINC000253530025,C#C[C@]1(O)CC[C@@H]2[C@@H]3CCC4=CC(=O)CC[C@@H]4[C@@H]3CC[C@]21CC
ZINC000013512456,C/C(O)=C(\C#N)C(=O)Nc1ccc(C(F)(F)F)cc1
ZINC000022065398,C#C[C@]1(O)CC[C@@H]2[C@@H]3CCC4=CC(=O)CC[C@@H]4[C@H]3CC[C@@]21CC
ZINC000031274852,Cc1ccc(/C(=C/CN2CCCC2)c2cccc(/C=C/C(=O)O)n2)cc1
ZINC000040430143,O=C(c1cc(Cc2n[nH]c(=O)c3ccccc23)ccc1F)N1CCN(C(=O)C2CC2)CC1
ZINC000100013130,CO[C@@H]1[C@H](N(C)C(=O)c2ccccc2)C[C@H]2O[C@]1(C)n1c3ccccc3c3c4c(c5c6ccccc6n2c5c31)C(=O)NC4
ZINC000026664090,CC(C)(C)NC(=O)[C@@H]1C[C@@H]2CCCC[C@H]2CN1C[C@@H](O)[C@H](Cc1ccccc1)NC(=O)[C@H](CC(N)=O)NC(=O)c1ccc2ccccc2n1
ZINC000002000707,N#Cc1cc(NC(=O)C(=O)O)c(Cl)c(NC(=O)C(=O)O)c1
ZINC000026985532,CC(C)(C)NC(=O)[C@@H]1C[C@H]2CCCC[C@@H]2CN1C[C@@H](O)[C@H](Cc1ccccc1)NC(=O)[C@H](CC(N)=O)NC(=O)c1ccc2ccccc2n1
ZINC000028232746,CCCCC(=O)OCC(=O)[C@]1(O)Cc2c(O)c3c(c(O)c2[C@@H](O[C@H]2C[C@@H](NC(=O)C(F)(F)F)[C@@H](O)[C@@H](C)O2)C1)C(=O)c1c(OC)cccc1C3=O
ZINC000003874498,CC1(C)NC(=O)N(c2ccc([N+](=O)[O-])c(C(F)(F)F)c2)C1=O
ZINC000001530639,CC(C)n1c(/C=C/[C@H](O)C[C@H](O)CC(=O)O)c(-c2ccc(F)cc2)c2ccccc21
ZINC000242437514,CN[C@H](C)[C@@H]1CC[C@H](N)[C@H](O[C@H]2[C@H](O)[C@@H](O[C@@H]3OC[C@](C)(O)[C@H](NC)[C@H]3O)[C@@H](N)C[C@H]2N)O1
ZINC000003830391,CC1=C(C(=O)O)N2C(=O)[C@@H](NC(=O)[C@H](N)c3ccc(O)cc3)[C@H]2SC1
ZINC000003873921,O=S(=O)(O)Oc1ccc(C(c2ccc(OS(=O)(=O)O)cc2)c2ccccn2)cc1
ZINC000004217732,CCCCC(F)(F)[C@@]1(O)CC[C@H]2[C@@H](CC(=O)[C@@H]2CCCCCCC(=O)O)O1
ZINC000006745272,CNC(=O)c1cc(Oc2ccc(NC(=O)Nc3ccc(Cl)c(C(F)(F)F)c3)c(F)c2)ccn1
ZINC000253476025,CC(C)[N@+]1(C)[C@H]2CC[C@@H]1C[C@H](OC(=O)[C@H](CO)c1ccccc1)C2
ZINC000018203737,CC1=NN(c2ccccc2)C(=O)C1
ZINC000203686879,COC[C@H]1C[C@@H](c2ncc(-c3ccc4c(c3)COc3cc5c(ccc6[nH]c([C@@H]7CC[C@H](C)N7C(=O)[C@@H](NC(=O)OC)C(C)C)nc65)cc3-4)[nH]2)N(C(=O)[C@H](NC(=O)OC)c2ccccc2)C1
ZINC000000020220,O=C(O)c1cn(C2CC2)c2cc(N3CCNCC3)c(F)cc2c1=O
ZINC000000057435,Cc1cc(C(C)(C)C)c(O)c(C)c1CC1=NCCN1
ZINC000000057534,Cc1cc(C(C)(C)C)cc(C)c1CC1=NCCN1
ZINC000000968273,O[C@@](CCN1CCCCC1)(c1ccccc1)C1CCCCC1
ZINC000003831490,O=C(O)c1cc(/N=N/c2ccc(S(=O)(=O)Nc3ccccn3)cc2)ccc1O
ZINC000118912450,C[C@]12C/C(=C/O)C(=O)C[C@@H]1CC[C@@H]1[C@@H]2CC[C@@]2(C)[C@H]1CC[C@]2(C)O
ZINC000003806413,CCCCCOC(=O)Nc1nc(=O)n([C@@H]2O[C@H](C)[C@@H](O)[C@H]2O)cc1F
ZINC000000601253,CCOC(=O)O[C@@]1(C(=O)COC(=O)CC)CC[C@H]2[C@@H]3CCC4=CC(=O)C=C[C@]4(C)[C@H]3[C@H](O)C[C@@]21C
ZINC000238809663,COc1ccc(C[C@@H]2c3cc(OC)c(OC)cc3CC[N@@+]2(C)CCC(=O)OCCCCCOC(=O)CC[N@@+]2(C)CCc3cc(OC)c(OC)cc3[C@H]2Cc2ccc(OC)c(OC)c2)cc1OC
ZINC000000010164,C[C@H]1O[C@@]2(CS1)CN1CCC2CC1
ZINC000012484958,CC1=C(/C=C\C(C)=C/C=C\C(C)=C/C(=O)O)C(C)(C)CCC1
ZINC000019632706,COC(=O)C1=C(C)NC(C)=C(C(=O)OCC(C)C)[C@@H]1c1ccccc1[N+](=O)[O-]
ZINC000000591993,COC(=O)C1=C(C)NC(C)=C(C(=O)OCC(C)C)[C@H]1c1ccccc1[N+](=O)[O-]
ZINC000003920719,CC(C)c1c(C(=O)Nc2ccccc2)c(-c2ccccc2)c(-c2ccc(F)cc2)n1CC[C@@H](O)C[C@@H](O)CC(=O)O
ZINC000004083606,CCCCCC(=O)O[C@]1(C(C)=O)CC[C@H]2[C@@H]3CCC4=CC(=O)CC[C@]4(C)[C@H]3CC[C@@]21C
ZINC000005224188,CS(C)=O
ZINC000013545636,CCC[C@H](C)C1(CC)C(=O)NC(=O)NC1=O
ZINC000019796168,CCCc1nn(C)c2c(=O)[nH]c(-c3cc(S(=O)(=O)N4CCN(C)CC4)ccc3OCC)nc12
ZINC000003782599,CC(C)(C)NC(=O)[C@H]1CC[C@H]2[C@@H]3CC[C@H]4NC(=O)C=C[C@]4(C)[C@H]3CC[C@]12C
ZINC000000075126,Cc1nccn1C[C@@H]1CCc2c(c3ccccc3n2C)C1=O
ZINC000003931840,C=C[C@]1(C)C[C@@H](OC(=O)CSC2C[C@@H]3CC[C@H](C2)N3C)[C@]2(C)[C@H](C)CC[C@]3(CCC(=O)[C@H]32)[C@@H](C)[C@@H]1O
ZINC000009302201,CC1=C(/C=C\C(C)=C\C=C/C(C)=C\C(=O)O)C(C)(C)CCC1
ZINC000013818943,CNC(=O)c1cnn(-c2nc(N)c3ncn([C@@H]4O[C@H](CO)[C@@H](O)[C@H]4O)c3n2)c1
ZINC000022448983,COc1cc(Nc2c(C#N)cnc3cc(OCCCN4CCN(C)CC4)c(OC)cc23)c(Cl)cc1Cl
ZINC000000968328,CN(CCOc1ccc(C[C@@H]2SC(=O)NC2=O)cc1)c1ccccn1
ZINC000001530886,CCCc1nc2c(C)cc(-c3nc4ccccc4n3C)cc2n1Cc1ccc(-c2ccccc2C(=O)O)cc1
ZINC000002020233,O=C1Nc2ccc(Cl)cc2[C@@](C#CC2CC2)(C(F)(F)F)O1
ZINC000003794711,CCCCN1C[C@H](O)[C@@H](O)[C@H](O)[C@H]1CO
ZINC000003806262,OC[C@H]1O[C@@H](n2cnc3c2N=CNC[C@H]3O)C[C@@H]1O
ZINC000001280665,COc1ccc2c3c1O[C@H]1C(=O)CC[C@H]4[C@@H](C2)N(C)CC[C@]314
ZINC000003977978,CC(=O)OCC(=O)[C@@]12OC(C)(C)O[C@@H]1C[C@H]1[C@@H]3C[C@H](F)C4=CC(=O)C=C[C@]4(C)[C@@]3(F)[C@@H](O)C[C@@]12C
ZINC000003875357,C[C@]12CC(=O)[C@H]3[C@@H](CCC4=CC(=O)C=C[C@@]43C)[C@@H]1CC[C@]2(O)C(=O)CO
ZINC000013648755,N#C[C@@H]1C[C@@H]2C[C@@H]2N1C(=O)[C@@H](N)C12C[C@@H]3C[C@@H](CC(O)(C3)C1)C2
ZINC000011616852,CCCCC(=O)OCC(=O)[C@]1(O)Cc2c(O)c3c(c(O)c2[C@@H](O[C@@H]2C[C@@H](NC(=O)C(F)(F)F)[C@@H](O)[C@@H](C)O2)C1)C(=O)c1c(OC)cccc1C3=O
ZINC000000113446,CCS(=O)(=O)CCn1c([N+](=O)[O-])cnc1C
ZINC000003941496,COC(=O)N[C@H](C(=O)N[C@@H](Cc1ccccc1)[C@@H](O)CN(Cc1ccc(-c2ccccn2)cc1)NC(=O)[C@@H](NC(=O)OC)C(C)(C)C)C(C)(C)C
ZINC000004215736,COc1ccc2c3c1O[C@H]1[C@@H](O)CC[C@H]4[C@@H](C2)N(C)CC[C@]314
ZINC000008101109,O=C(O)P(=O)(O)O
ZINC000012358719,CCOC(=O)c1ccc(N)cc1
ZINC000018516586,CC(C)Nc1cccnc1N1CCN(C(=O)c2cc3cc(NS(C)(=O)=O)ccc3[nH]2)CC1
ZINC000003812862,NCCC(O)(P(=O)(O)O)P(=O)(O)O
ZINC000000005152,CC(C)C[C@H](CN)CC(=O)O
ZINC000100037885,N#C[C@@H]1C[C@@H]2C[C@@H]2N1C(=O)[C@@H](N)C12C[C@@H]3C[C@H](CC(O)(C3)C1)C2
ZINC000238809665,COc1ccc(C[C@H]2c3cc(OC)c(OC)cc3CC[N@+]2(C)CCC(=O)OCCCCCOC(=O)CC[N@@+]2(C)CCc3cc(OC)c(OC)cc3[C@H]2Cc2ccc(OC)c(OC)c2)cc1OC
ZINC000000006300,CCN(C(C)=O)c1cccc(-c2ccnc3c(C#N)cnn23)c1
ZINC000118913560,CCOC(=O)O[C@@]1(C(=O)COC(=O)CC)CC[C@H]2[C@@H]3CCC4=CC(=O)C=C[C@]4(C)[C@H]3[C@@H](O)C[C@@]21C
ZINC000001485935,C[C@@H](c1nc(-c2ccc(C#N)cc2)cs1)[C@](O)(Cn1cncn1)c1cc(F)ccc1F
ZINC000000113428,c1ccc2c(c1)CCC[C@@H]2C1=NCCN1
ZINC000000119717,c1ccc2c(CC3=NCCN3)cccc2c1
ZINC000000537822,O=C(CCCN1CCC(O)(c2ccc(Cl)cc2)CC1)c1ccc(F)cc1
ZINC000003798763,CC[C@H](C)C(=O)O[C@H]1C[C@H](O)C=C2C=C[C@H](C)[C@H](CC[C@@H](O)C[C@@H](O)CC(=O)O)[C@H]21
ZINC000030726187,CO[C@@]12[C@H](COC(N)=O)C3=C(C(=O)C(C)=C(N)C3=O)N1C[C@@H]1N[C@@H]12
ZINC000203757351,Cc1cnc(C(=O)N[C@H]2CCCCC/C=C\[C@H]3C[C@@]3(C(=O)NS(=O)(=O)C3CC3)NC(=O)[C@@H]3C[C@@H](Oc4nc5ccccc5c5ccccc45)CN3C2=O)cn1
ZINC000001530611,CNCCCN1c2ccccc2CCc2ccccc21
ZINC000003882036,C[C@]12C[C@H](O)[C@@]3(F)[C@@H](CCC4=CC(=O)C=C[C@@]43C)[C@@H]1C[C@@H](O)[C@]2(O)C(=O)CO
ZINC000238809664,COc1ccc(C[C@@H]2c3cc(OC)c(OC)cc3CC[N@+]2(C)CCC(=O)OCCCCCOC(=O)CC[N@@+]2(C)CCc3cc(OC)c(OC)cc3[C@H]2Cc2ccc(OC)c(OC)c2)cc1OC
ZINC000000005423,Cc1nc(-c2ccc(OCC(C)C)c(C#N)c2)sc1C(=O)O
ZINC000066166864,CCc1cc2c(cc1N1CCC(N3CCOCC3)CC1)C(C)(C)c1[nH]c3cc(C#N)ccc3c1C2=O
ZINC000014879975,O=S(=O)(O)O[C@H]1[C@H](O)CO[C@@H](O[C@@H]2CO[C@@H](O)[C@H](OS(=O)(=O)O)[C@H]2OS(=O)(=O)O)[C@@H]1OS(=O)(=O)O
ZINC000000897408,C[C@@](O)(CS(=O)(=O)c1ccc(F)cc1)C(=O)Nc1ccc(C#N)c(C(F)(F)F)c1
ZINC000000001792,CN(C)C(=O)Oc1cccc([N+](C)(C)C)c1
ZINC000000000196,CN(C)CCOC(=O)[C@H](c1ccccc1)C1(O)CCCC1
ZINC000000000301,C[C@H](C(=O)O)c1cccc(Oc2ccccc2)c1
ZINC000000004166,CC(C)NC[C@@H](O)c1ccc(NS(C)(=O)=O)cc1
ZINC000000014257,CN1C(=O)C[C@](C)(c2ccccc2)C1=O
ZINC000000014864,C[C@@H](c1ncncc1F)[C@](O)(Cn1cncn1)c1ccc(F)cc1F
ZINC000000016154,CCOC(=O)Nc1ccc(NCc2ccc(F)cc2)cc1N
ZINC000000089763,Cc1cc(NS(=O)(=O)c2ccc(N)cc2)no1
ZINC000001482094,CN[C@H](C)CC1CCCCC1
ZINC000001482197,N[C@@H]1C[C@H]1c1ccccc1
ZINC000001489478,N[C@@H](CC(=O)N1CCn2c(nnc2C(F)(F)F)C1)Cc1cc(F)c(F)cc1F
ZINC000001530652,CCN(CCO)CCC[C@@H](C)Nc1ccnc2cc(Cl)ccc12
ZINC000001530820,C[N+](C)(C)CCOC(=O)CCC(=O)OCC[N+](C)(C)C
ZINC000001530694,CCOc1ccccc1OCCN[C@H](C)Cc1ccc(OC)c(S(N)(=O)=O)c1
ZINC000000006156,NC(=O)C[S@@](=O)C(c1ccccc1)c1ccccc1
ZINC000000006310,Nc1ccc(S(=O)(=O)c2ccc(N)cc2)cc1
ZINC000000006481,Nc1nc2ccc(OC(F)(F)F)cc2s1
ZINC000011679756,CC1=NN(c2ccc(C)c(C)c2)C(=O)/C1=N\Nc1cccc(-c2cccc(C(=O)O)c2)c1O
ZINC000011680943,C[C@@H](Cc1ccccc1)NC(=O)[C@@H](N)CCCCN
ZINC000011681563,Cc1ccccc1-c1cc(N2CCN(C)CC2)ncc1N(C)C(=O)C(C)(C)c1cc(C(F)(F)F)cc(C(F)(F)F)c1
ZINC000000000973,COc1ccc(C(=O)CC(=O)c2ccc(C(C)(C)C)cc2)cc1
ZINC000000002272,C[C@@H](C(=O)O)c1cccc(C(=O)c2ccccc2)c1
ZINC000000002279,O=C(c1ccccc1)c1ccc2n1CC[C@H]2C(=O)O
ZINC000011615926,CC(C)c1c(C(=O)Nc2ccccc2)c(-c2ccccc2)c(-c2ccc(F)cc2)n1CC[C@H](O)C[C@@H](O)CC(=O)O
ZINC000011677857,COc1ccc(CNc2nc(N3CCC[C@H]3CO)ncc2/C(O)=N/Cc2ncccn2)cc1Cl
ZINC000011615927,CC(C)c1c(C(=O)Nc2ccccc2)c(-c2ccccc2)c(-c2ccc(F)cc2)n1CC[C@@H](O)C[C@H](O)CC(=O)O
ZINC000011615928,CC(C)c1c(C(=O)Nc2ccccc2)c(-c2ccccc2)c(-c2ccc(F)cc2)n1CC[C@H](O)C[C@H](O)CC(=O)O
ZINC000011617039,Cc1ccc(Nc2nccc(N(C)c3ccc4c(C)n(C)nc4c3)n2)cc1S(N)(=O)=O
ZINC000011677837,COc1ccc(-n2nc(C(N)=O)c3c2C(=O)N(c2ccc(N4CCCCC4=O)cc2)CC3)cc1
ZINC000034806477,CNC(=O)c1ccc(N2C(=S)N(c3ccc(C#N)c(C(F)(F)F)c3)C(=O)C2(C)C)cc1F
ZINC000256433948,C#C[C@]1(O)CC[C@@H]2[C@@H]3CCC4=CC(=NO)CC[C@@H]4[C@@H]3CC[C@]21CC
ZINC000022010649,Cc1[nH]c2ccccc2c1CCNCc1ccc(/C=C/C(=O)NO)cc1
ZINC000000001317,CC(C)c1cccc(C(C)C)c1NC(=O)CN(CC(=O)O)CC(=O)O
ZINC000000896663,N[C@H]1C[C@@H]1c1ccccc1
ZINC000001547851,CC[C@@H](C(N)=O)N1CCCC1=O
ZINC000001999441,O[C@@H](CNC[C@@H](O)[C@@H]1CCc2cc(F)ccc2O1)[C@H]1CCc2cc(F)ccc2O1
ZINC000003818808,C[C@@H]1CCN(C(=O)CC#N)C[C@@H]1N(C)c1ncnc2[nH]ccc12
ZINC000003873295,Clc1ccc(CO/N=C(\Cn2ccnc2)c2ccc(Cl)cc2Cl)c(Cl)c1
ZINC000004392649,CCC(=O)NC[C@@H]1C[C@H]1c1cccc2c1CCO2
ZINC000008035268,CCCCCCCCCCCCCCCC[N+](C)(C)CCN(Cc1ccc(OC)cc1)c1ncccn1
ZINC000253476027,CC(C)[N@+]1(C)[C@H]2CC[C@@H]1C[C@H](OC(=O)[C@@H](CO)c1ccccc1)C2
ZINC000013973998,CC(C)C(=O)O[C@H](C)OC(=O)NCC1(CC(=O)O)CCCCC1
ZINC000019855121,O=P(O)(O)CN(CCN(CP(=O)(O)O)CP(=O)(O)O)CP(=O)(O)O
ZINC000100018854,CN1[C@H]2CCC[C@@H]1C[C@H](NC(=O)c1nn(C)c3ccccc13)C2
ZINC000256433946,C#C[C@]1(O)CC[C@@H]2[C@@H]3CCC4=CC(=NO)CC[C@@H]4[C@H]3CC[C@@]21CC
ZINC000009302239,NC(=O)[C@@H]1CC[C@@H]2CN1C(=O)N2OS(=O)(=O)O
ZINC000095551509,C=C[C@@H]1C[C@]1(NC(=O)[C@@H]1C[C@@H]2CN1C(=O)[C@H](C(C)(C)C)NC(=O)O[C@@H]1C[C@H]1CCCCCc1nc3ccc(OC)cc3nc1O2)/C(O)=N/S(=O)(=O)C1CC1
ZINC000000000373,C[C@@H](N)Cc1ccc(O)cc1
ZINC000000155905,C[C@H](S)C(=O)NCC(=O)O
ZINC000000968375,C#C[C@]1(O)CC[C@@H]2[C@@H]3CCC4=CC(=O)CC[C@@H]4[C@H]3CC[C@]21CC
ZINC000242437512,CN[C@H](C)[C@@H]1CC[C@H](N)[C@H](O[C@H]2[C@H](O)[C@@H](O[C@@H]3OC[C@](C)(O)[C@H](NC)[C@@H]3O)[C@@H](N)C[C@H]2N)O1
ZINC000245224194,FS(F)(F)(F)(F)F
ZINC000003830944,CC(=O)N(C[C@@H](O)CO)c1c(I)c(C(=O)NC[C@H](O)CO)c(I)c(C(=O)NC[C@H](O)CO)c1I
ZINC000003929022,CC(C)OC(=O)OCOP(=O)(CO[C@H](C)Cn1cnc2c(N)ncnc21)OCOC(=O)OC(C)C
ZINC000004474443,C/C=C\C1=C(C(=O)O)N2C(=O)[C@@H](NC(=O)[C@H](N)c3ccc(O)cc3)[C@H]2SC1
ZINC000008214703,CCCCCCCC(=O)CC[C@H]1[C@H](O)C[C@H](O)[C@@H]1C/C=C\CCCC(=O)O
ZINC000012503156,CN1C=CC=C/C1=C\N=O
ZINC000030691797,N#Cc1ccccc1-c1cc(-c2ccccn2)cn(-c2ccccc2)c1=O
ZINC000043206370,NC(=O)c1cccc2cn(-c3ccc([C@@H]4CCCNC4)cc3)nc12
ZINC000100016084,O=C(O[C@@H]1C[C@@H]2CC[C@H](C1)[N+]21CCCC1)C(O)(c1ccccc1)c1ccccc1
ZINC000000403618,C=C[C@H](N)CCC(=O)O
ZINC000001542199,CCOC(=O)c1ccc(C#Cc2ccc3c(c2)C(C)(C)CCS3)nc1
ZINC000003604264,Nc1cccc2c1CN([C@@H]1CCC(=O)NC1=O)C2=O
ZINC000036701290,Cc1ccc(C(=O)Nc2ccc(CN3CCN(C)CC3)c(C(F)(F)F)c2)cc1C#Cc1cnc2cccnn12
ZINC000000004949,NCC1(CC(=O)O)CCCCC1
ZINC000000004413,CCN(C)C(=O)Oc1cccc([C@H](C)N(C)C)c1
ZINC000000010163,C[C@@H]1O[C@@]2(CS1)CN1CCC2CC1
ZINC000100296828,Cc1ccc(/C(=C\CN2CCCC2)c2cccc(/C=C\C(=O)O)n2)cc1
ZINC000100296832,Cc1ccc(/C(=C/CN2CCCC2)c2cccc(/C=C\C(=O)O)n2)cc1
ZINC000100378061,CC(C)(NC(=O)C1=C(O)[C@@H]2Oc3c(O)ccc4c3[C@@]23CCN(CC2CC2)[C@H](C4)[C@]3(O)C1)c1nc(-c2ccccc2)no1
ZINC000084668739,CS(=O)(=O)c1cccc(C[C@H](NC(=O)c2c(Cl)cc3c(c2Cl)CCN(C(=O)c2ccc4ccoc4c2)C3)C(=O)O)c1
ZINC000085536990,CC[C@@H]1/C=C(\C)C[C@H](C)C[C@H](OC)[C@H]2O[C@@](O)(C(=O)C(=O)N3CCCC[C@H]3C(=O)O[C@H](/C(C)=C/[C@@H]3CC[C@H](Cl)[C@H](OC)C3)[C@H](C)[C@@H](O)CC1=O)[C@H](C)C[C@@H]2OC
ZINC000096006018,CO[C@H]1C[C@@H]2CC[C@@H](C)[C@@](O)(O2)C(=O)C(=O)N2CCCC[C@H]2C(=O)O[C@H]([C@@H](C)C[C@@H]2CC[C@@H](O)[C@H](OC)C2)CC(=O)[C@H](C)/C=C(\C)[C@@H](O)[C@@H](OC)C(=O)[C@H](C)C[C@H](C)/C=C/C=C/C=C/1C
ZINC000000395010,COC(=O)c1ccc(C)cc1O
ZINC000100070937,N[C@@]1(C(=O)O)C[C@@H](F)C1
ZINC000103105084,O=C(O[C@@H]1C[C@@H]2C[C@H]3C[C@H](C1)N2CC3=O)c1c[nH]c2ccccc12
ZINC000070466416,COc1cc2nccc(Oc3ccc(NC(=O)C4(C(=O)Nc5ccc(F)cc5)CC4)cc3)c2cc1OC
ZINC000116473771,O=C1C(O)=C([C@H]2CC[C@@H](c3ccc(Cl)cc3)CC2)C(=O)c2ccccc21
ZINC000084757007,O=C(O)CSc1nnc(Br)n1-c1ccc(C2CC2)c2ccccc12
ZINC000013986658,CC[C@H](Nc1ncnc2[nH]cnc12)c1nc2cccc(F)c2c(=O)n1-c1ccccc1
ZINC000001530728,CN/C(=C\[N+](=O)[O-])NCCSCc1ccc(CN(C)C)o1
ZINC000003876023,C#C[C@]1(OC(C)=O)CC[C@H]2[C@@H]3CCC4=C[C@@H](OC(C)=O)CC[C@@H]4[C@H]3CC[C@@]21C
ZINC000003872931,CCCCC1=NC2(CCCC2)C(=O)N1Cc1ccc(-c2ccccc2-c2nn[nH]n2)cc1
ZINC000003875483,CN1CC[C@]23c4c5ccc(O)c4O[C@H]2C(=O)CC[C@@]3(O)[C@H]1C5
ZINC000003914596,CC(C)(C)NC(=O)[C@@H]1C[C@@H]2CCCC[C@@H]2CN1C[C@@H](O)[C@H](Cc1ccccc1)NC(=O)[C@H](CC(N)=O)NC(=O)c1ccc2ccccc2n1
ZINC000003922770,C[C@@H](O)[C@H]1C(=O)N2C(C(=O)O)=C(S[C@@H]3CN[C@H](CNS(N)(=O)=O)C3)[C@H](C)[C@H]12
ZINC000003787097,N[C@@H]1CCCCN(c2c(F)cc3c(=O)c(C(=O)O)cn(C4CC4)c3c2Cl)C1
ZINC000003819392,COC(=O)N(C)c1c(N)nc(-c2nn(Cc3ccccc3F)c3ncccc23)nc1N
ZINC000003792417,CCOC(=O)[C@H](C)C[C@@H](Cc1ccc(-c2ccccc2)cc1)NC(=O)CCC(=O)O
ZINC000003823475,CN1CCC[C@@H]1Cc1c[nH]c2ccc(CCS(=O)(=O)c3ccccc3)cc12
ZINC000003830842,O=C(NC[C@@H]1CCCCN1)c1cc(OCC(F)(F)F)ccc1OCC(F)(F)F
ZINC000003875392,COc1cc2c(cc1OC)[C@@H]1CC(=O)[C@H](CC(C)C)CN1CC2
ZINC000003876136,C[C@H]1C[C@H]2[C@@H]3CCC4=CC(=O)C=C[C@]4(C)[C@@]3(F)[C@@H](O)C[C@]2(C)[C@@]1(O)C(=O)CO
ZINC000012503151,CC(=O)/N=c1\sc(S(N)(=O)=O)nn1C
ZINC000012503187,Cc1nc2c([nH]1)-c1ccccc1N(C(=O)c1ccc(NC(=O)c3ccccc3-c3ccccc3)cc1)CC2
ZINC000000002216,Oc1cc(Cl)ccc1Oc1ccc(Cl)cc1Cl
ZINC000003941829,CC(C)CN(C[C@@H](OP(=O)(O)O)[C@H](Cc1ccccc1)NC(=O)O[C@H]1CCOC1)S(=O)(=O)c1ccc(N)cc1
ZINC000012503068,O=C(OC1C[C@@H]2CC[C@H](C1)[N+]21CCCC1)C(O)(c1ccccc1)c1ccccc1
ZINC000012503076,C/C=C\C(=O)N(CC)c1ccccc1C
ZINC000012503099,Cc1ccc(/C(=C\CN2CCCC2)c2ccccn2)cc1
ZINC000000538386,CCC(=O)N(c1ccccc1)C1(COC)CCN(CCc2cccs2)CC1
ZINC000000537805,COc1ccc(Cl)cc1C(=O)NCCc1ccc(S(=O)(=O)/N=C(\O)NC2CCCCC2)cc1
ZINC000000113415,CC(C)NC[C@H](O)COc1ccc(CC(N)=O)cc1
ZINC000001611274,CC[C@@]1(O)C(=O)OCc2c1cc1n(c2=O)Cc2cc3c(CN(C)C)c(O)ccc3nc2-1
ZINC000000001958,Cc1ccc(=O)n(-c2ccccc2)c1
ZINC000000020783,CC[C@@H](c1cccc(O)c1)[C@@H](C)CN(C)C
ZINC000000114124,CC(C)(S)[C@H](N)C(=O)O
ZINC000000114127,CC(C)(S)[C@@H](N)C(=O)O
ZINC000011726211,CN1CCC(=C2c3ccccc3CCn3c(C=O)cnc32)CC1
ZINC000013298313,O=c1[nH]cnc2[nH]ncc12
ZINC000003830500,CC1=C(C(=O)O)N2C(=O)[C@@H](NC(=O)[C@H](N)c3ccccc3)[C@H]2SC1
ZINC000003871701,CC1(C)S[C@@H]2[C@H](NC(=O)Cc3ccccc3)C(=O)N2[C@H]1C(=O)O
ZINC000001187543,Cn1cc[nH]c1=S
ZINC000000621853,COc1cc2c(c(OC)c1OC)-c1ccc(OC)c(=O)cc1[C@@H](NC(C)=O)CC2
ZINC000040899447,CS(=O)(=O)c1ccc(C(=O)Nc2ccc(Cl)c(-c3ccccn3)c2)c(Cl)c1
ZINC000001534965,O=C(O)C[C@H](O)C[C@H](O)/C=C/c1c(C2CC2)nc2ccccc2c1-c1ccc(F)cc1
ZINC000003792789,CC1=C(/C=C/C(C)=C/C=C/C(C)=C\C(=O)O)C(C)(C)CCC1
ZINC000003813078,CCCCC[C@H](O)/C=C/[C@H]1[C@H](O)C[C@@H]2O/C(=C\CCCC(=O)O)C[C@@H]21
ZINC000003830999,N[C@@H](Cc1cc(I)c(Oc2ccc(O)c(I)c2)c(I)c1)C(=O)O
ZINC000003914808,C[C@H](CCC(=O)O)[C@H]1CC[C@H]2[C@H]3[C@H](CC[C@@]21C)[C@@]1(C)CC[C@@H](O)C[C@H]1C[C@H]3O
ZINC000003927822,O=C1[C@H]2[C@@H]3CC[C@@H](C3)[C@H]2C(=O)N1C[C@@H]1CCCC[C@H]1CN1CCN(c2nsc3ccccc23)CC1
ZINC000000901736,O=C(O)[C@@H]1C[C@H](O)CN1
ZINC000000105196,N[C@@H](Cc1ccccc1)C(=O)O
ZINC000000968233,O=C(c1ccccc1)c1ccccc1
ZINC000000895099,CC(C)[C@H](N)C(=O)O
ZINC000000895103,C[C@@H](O)[C@H](N)C(=O)O
ZINC000000895457,O=C(O)[C@H]1C[C@H](O)CN1
ZINC000001482164,CC(C)[C@@H]1CC[C@@H](C)C[C@H]1O
ZINC000001532525,N=C(N)NCCC[C@H](N)C(=O)O
ZINC000001532529,CSCC[C@H](N)C(=O)O
ZINC000000901159,CC(C)O
ZINC000012661824,CC1=C(/C=C/C(C)=C\C=C\C(C)=C\C(=O)O)C(C)(C)CCC1
ZINC000001532526,NC(=O)CC[C@H](N)C(=O)O
ZINC000003831040,O=S(=O)(O)CCS
ZINC000004658562,C[C@@H](O)C(=O)O
ZINC000004658552,NCC(=O)O
ZINC000003589203,CC(=O)N[C@@H](CS)C(=O)O
ZINC000003795098,Nc1ccn([C@@H]2O[C@H](CO)[C@@H](O)[C@@H]2O)c(=O)n1
ZINC000003831006,O=NN(CCCl)C(=O)NC1CCCCC1
ZINC000003831050,CC(=O)O[C@@H](C)C[N+](C)(C)C
ZINC000003831051,CC(=O)O[C@H](C)C[N+](C)(C)C
ZINC000003830959,COCC(=O)Nc1c(I)c(C(=O)NC[C@@H](O)CO)c(I)c(C(=O)N(C)C[C@H](O)CO)c1I
ZINC000000002212,Cc1nnc2n1-c1ccc(Cl)cc1C(c1ccccc1Cl)=NC2
ZINC000000057624,NC[C@H](O)c1ccc(O)c(O)c1
ZINC000022002214,CCc1c(C)[nH]c2c1C(=O)[C@H](CN1CCOCC1)CC2
ZINC000022002218,CCc1c(C)[nH]c2c1C(=O)[C@@H](CN1CCOCC1)CC2
ZINC000000034157,C[C@H](N)[C@H](O)c1ccc(O)c(O)c1
ZINC000022010379,C[C@H]1[C@@H](c2ccccc2)OCCN1C
ZINC000022010382,C[C@@H]1[C@H](c2ccccc2)OCCN1C
ZINC000000000882,Nc1ncnc2[nH]cnc12
ZINC000000049154,Cc1ncc(CO)c(CO)c1O
ZINC000022059926,CO/N=C1\CN(c2nc3c(cc2F)c(=O)c(C(=O)O)cn3C2CC2)C[C@@H]1CN
ZINC000022116608,Oc1ccc([C@@H]2CNCCc3c2cc(O)c(O)c3Cl)cc1
ZINC000000002176,CC(C)(C)NC[C@H](O)COc1nsnc1N1CCOCC1
ZINC000003952881,O=C(O)CCNC(=O)c1ccc(/N=N/c2ccc(O)c(C(=O)O)c2)cc1
ZINC000003955219,CC(C)CN(C[C@@H](O)[C@H](Cc1ccccc1)NC(=O)O[C@H]1CO[C@H]2OCC[C@@H]12)S(=O)(=O)c1ccc(N)cc1
ZINC000003964126,O=C(NC[C@H]1CN(c2ccc(N3CCOCC3=O)cc2)C(=O)O1)c1ccc(Cl)s1
ZINC000003973334,C=C1C[C@@H]2[C@H](CC[C@]3(C)C(=O)CC[C@@H]23)[C@@]2(C)C=CC(=O)C=C12
ZINC000003977764,CCC(=O)O[C@@H](O[P@](=O)(CCCCc1ccccc1)CC(=O)N1C[C@H](C2CCCCC2)C[C@H]1C(=O)O)C(C)C
ZINC000002008866,CC(=O)NC[C@H]1CN(c2ccc(N3CCOCC3)c(F)c2)C(=O)O1
ZINC000002016037,Clc1ccc([C@H](Cn2ccnc2)OCc2csc3c(Cl)cccc23)c(Cl)c1
ZINC000019362735,CN1CCN([C@H](c2ccccc2)c2ccc(Cl)cc2)CC1
ZINC000019362737,CN1CCN([C@@H](c2ccccc2)c2ccc(Cl)cc2)CC1
ZINC000019364222,OCCOCCN1CCN([C@@H](c2ccccc2)c2ccc(Cl)cc2)CC1
ZINC000019364224,OCCOCCN1CCN([C@H](c2ccccc2)c2ccc(Cl)cc2)CC1
ZINC000019364229,O=C(O)COCCN1CCN([C@@H](c2ccccc2)c2ccc(Cl)cc2)CC1
ZINC000002015928,Nc1nc(NC2CC2)c2ncn([C@H]3C=C[C@@H](CO)C3)c2n1
ZINC000003951740,Cc1cccc(C)c1OCC(=O)N[C@@H](Cc1ccccc1)[C@@H](O)C[C@H](Cc1ccccc1)NC(=O)[C@H](C(C)C)N1CCCNC1=O
ZINC000000075008,CC[C@@H]1C(=O)OC[C@@H]1Cc1cncn1C
ZINC000001530816,CCCN[C@@H](C)C(=O)Nc1ccccc1C
ZINC000036294079,CN[C@@]1(c2ccccc2Cl)CCCCC1=O
ZINC000001482184,Cn1nnc2c(C(N)=O)ncn2c1=O
ZINC000001530635,CC(=O)OCC(CCn1cnc2cnc(N)nc21)COC(C)=O
ZINC000001530935,COCCCOc1ccnc(C[S@](=O)c2nc3ccccc3[nH]2)c1C
ZINC000001530688,CNCCCC12CCC(c3ccccc31)c1ccccc12
ZINC000000000242,CN(C)CCO[C@@](C)(c1ccccc1)c1ccccn1
ZINC000000000565,Cc1ccccc1[C@H](OCCN(C)C)c1ccccc1
ZINC000000000128,CC(C)(C)NC[C@@H](O)COc1cccc2c1CCC(=O)N2
ZINC000001530974,Clc1ccc(CC[C@H](Cn2ccnc2)Sc2c(Cl)cccc2Cl)cc1
ZINC000001530697,CSc1ccc2c(c1)N(CC[C@H]1CCCCN1C)c1ccccc1S2
ZINC000001530703,CCCCN/C(O)=N/S(=O)(=O)c1ccc(C)cc1
ZINC000001530707,CCC(=O)C(C[C@H](C)N(C)C)(c1ccccc1)c1ccccc1
ZINC000001530948,O=C1CC[C@@H](N2C(=O)c3ccccc3C2=O)C(=O)N1
ZINC000018324776,CCCc1nc(C)c2c(=O)[nH]c(-c3cc(S(=O)(=O)N4CCN(CC)CC4)ccc3OCC)nn12
ZINC000013545634,CCC[C@@H](C)C1(CC)C(=O)NC(=O)NC1=O
ZINC000013763987,CN(C)c1ccc(C(=C2C=CC(=[N+](C)C)C=C2)c2ccc(N(C)C)cc2)cc1
ZINC000000000353,COc1ccccc1OC[C@H](O)CO
ZINC000000020259,CN[C@@H](C)[C@@H](O)c1ccccc1
ZINC000019632668,CCN1C[C@@H](CCN2CCOCC2)C(c2ccccc2)(c2ccccc2)C1=O
ZINC000019632917,CNC1=Nc2ccc(Cl)cc2C(c2ccccc2)=[N+]([O-])C1
ZINC000019796155,CN1CCN(C2=Nc3cc(Cl)ccc3Nc3ccccc32)CC1
ZINC000019632912,CC(C)Cn1cnc2c(N)nc3ccccc3c21
ZINC000019796080,O=C(CCCN1CC=C(n2c(=O)[nH]c3ccccc32)CC1)c1ccc(F)cc1
ZINC000017146904,CCCSc1ccc2[nH]/c(=N/C(=O)OC)[nH]c2c1
ZINC000018089317,O=[N+]([O-])O[C@H]1CO[C@H]2[C@@H]1OC[C@H]2O[N+](=O)[O-]
ZINC000018099446,CN(C)/N=N\c1[nH]cnc1C(N)=O
ZINC000014263142,CO[C@H]1O[C@@H]2O[C@@]3(C)CC[C@H]4[C@H](C)CC[C@@H]([C@H]1C)[C@]42OO3
ZINC000018115268,CN/C(=N\C#N)NCCSCc1nc[nH]c1C
ZINC000019702309,Clc1ccc2nsnc2c1N=C1NCCN1
ZINC000019796158,CN1CCN(C2=Nc3ccccc3Oc3ccc(Cl)cc32)CC1
ZINC000013831130,Cc1nnc(C(=O)NC(C)(C)c2nc(/C(O)=N/Cc3ccc(F)cc3)c(O)c(=O)n2C)o1
ZINC000014210457,CC(C)(C)NC(=O)N[C@H](C(=O)N1C[C@H]2[C@@H]([C@H]1C(=O)N[C@H](CC1CCC1)C(=O)C(N)=O)C2(C)C)C(C)(C)C
ZINC000014879972,CN(C)c1cc(NC(=O)CNC(C)(C)C)c(O)c2c1C[C@H]1C[C@H]3[C@H](N(C)C)C(O)=C(C(N)=O)C(=O)[C@@]3(O)C(O)=C1C2=O
ZINC000014879992,CN(C)c1ccc(O)c2c1C[C@H]1C[C@H]3[C@H](N(C)C)C(O)=C(C(N)=O)C(=O)[C@@]3(O)C(O)=C1C2=O
ZINC000014210455,CC(C)(C)NC(=O)N[C@H](C(=O)N1C[C@H]2[C@@H]([C@H]1C(=O)N[C@@H](CC1CCC1)C(=O)C(N)=O)C2(C)C)C(C)(C)C
ZINC000019632670,CCN1C[C@H](CCN2CCOCC2)C(c2ccccc2)(c2ccccc2)C1=O
ZINC000019632834,CN1CCN(C(=O)O[C@H]2c3nccnc3C(=O)N2c2ccc(Cl)cn2)CC1
ZINC000019796018,CN1CCN(CCCN2c3ccccc3Sc3ccc(Cl)cc32)CC1
ZINC000035999642,CN[C@]1(c2ccccc2Cl)CCCCC1=O
ZINC000018279854,Nc1ccn([C@@H]2O[C@H](CO)[C@@H](O)C2(F)F)c(=O)n1
ZINC000013537284,Cc1nc[nH]c1CN1CCc2c(c3ccccc3n2C)C1=O
ZINC000013597823,O=c1[nH]cnc2c1ncn2[C@H]1CC[C@@H](CO)O1
ZINC000013682481,COc1cc2c(cc1Cc1cccc(Cl)c1F)c(=O)c(C(=O)O)cn2[C@H](CO)C(C)C
ZINC000000000083,C[C@@H](C[N+](C)(C)C)OC(N)=O
ZINC000019594557,Cc1cccc(CN2CCN([C@@H](c3ccccc3)c3ccc(Cl)cc3)CC2)c1
ZINC000019632618,Cc1ccc(NC(=O)c2ccc(CN3CCN(C)CC3)cc2)cc1Nc1nccc(-c2cccnc2)n1
ZINC000014768621,NC(=N/CCCCCC/N=C(N)/N=C(\N)Nc1ccc(Cl)cc1)/N=C(/N)Nc1ccc(Cl)cc1
ZINC000019361042,Cc1cccc(CN2CCN([C@H](c3ccccc3)c3ccc(Cl)cc3)CC2)c1
ZINC000006021043,CN[C@@H](C)Cc1ccccc1
ZINC000006094354,O=C1c2cccc3c2[C@@H](CCC3)CN1[C@@H]1CN2CCC1CC2
ZINC000000004785,NC(=O)N1c2ccccc2C=Cc2ccccc21
ZINC000019364242,O=C(O)CN(CCN(CC(=O)O)CC(=O)O)CC(=O)O
ZINC000019419017,O=C(O)CN(CCN(CC(=O)O)CC(=O)O)CCN(CC(=O)O)CC(=O)O
ZINC000019594599,Clc1ccccc1CN1CCc2sccc2C1
ZINC000019364230,O=C(O)COCCN1CCN([C@H](c2ccccc2)c2ccc(Cl)cc2)CC1
ZINC000019418959,CN1CCN(CCCN2c3ccccc3Sc3ccc(C(F)(F)F)cc32)CC1
ZINC000019594594,CCCCOc1ccc(OCCCN2CCOCC2)cc1
ZINC000014210642,CCOc1nc2cccc(C(=O)OCc3oc(=O)oc3C)c2n1Cc1ccc(-c2ccccc2-c2noc(=O)[nH]2)cc1
ZINC000001530706,CCC(=O)C(C[C@@H](C)N(C)C)(c1ccccc1)c1ccccc1
ZINC000001530710,CN1C(=O)OC(C)(C)C1=O
ZINC000001530713,CC(C)[C@H](N)C(=O)OCCOCn1cnc2c(=O)[nH]c(N)nc21
ZINC000001530716,CCN(CC)CCNC(=O)c1cc(Cl)c(N)cc1OC
ZINC000001481815,O=C(O)c1ccc(-n2nc(-c3ccccc3O)nc2-c2ccccc2O)cc1
ZINC000001481833,c1cnc2cc3c(cc2n1)[C@H]1CNC[C@@H]3C1
ZINC000001481910,CN[C@@H](C)CC1CCCCC1
ZINC000001481956,Cc1nc2n(c(=O)c1CCN1CCC(c3noc4cc(F)ccc34)CC1)CCC[C@H]2O
ZINC000001536779,CNCC[C@H](Oc1cccc2ccccc12)c1cccs1
ZINC000001530814,CCCCN1CCCC[C@@H]1C(=O)Nc1c(C)cccc1C
ZINC000001530817,CCCN[C@H](C)C(=O)Nc1ccccc1C
ZINC000000001145,Cc1cc(C2CCCCC2)n(O)c(=O)c1
ZINC000000389149,CC(=O)Oc1c(C)cc(OC[C@@H](O)CNC(C)C)c(C)c1C
ZINC000001530736,CN/C(=C\[N+](=O)[O-])NCCSCc1csc(CN(C)C)n1
ZINC000001530760,CCCNC[C@@H](O)COc1ccccc1C(=O)CCc1ccccc1
ZINC000001530912,CCOCCn1c(N2CCCN(C)CC2)nc2ccccc21
ZINC000001530621,CCN[C@H]1C[C@H](C)S(=O)(=O)c2sc(S(N)(=O)=O)cc21
ZINC000000006157,NC1=NC[C@@H]2c3ccccc3Cc3ccccc3N12
ZINC000000006427,CN1C(=O)CN=C(c2ccccc2)c2cc(Cl)ccc21
ZINC000000007295,CC(=O)O[C@H]1Cc2ccccc2N(C(N)=O)c2ccccc21
ZINC000000007673,COC[C@@H](NC(C)=O)C(=O)NCc1ccccc1
ZINC000001533877,CCCCCN(C)CCC(O)(P(=O)(O)O)P(=O)(O)O
ZINC000003831128,CC#C[C@]1(O)CC[C@H]2[C@@H]3CCC4=CC(=O)CCC4=C3[C@@H](c3ccc(N(C)C)cc3)C[C@@]21C
ZINC000003920657,CC(=O)O[C@]1(C(C)=O)CC[C@H]2[C@@H]3CCC4=CC(=O)CCC4=C3[C@@H](c3ccc(N(C)C)cc3)C[C@@]21C
ZINC000003938695,C#C[C@]1(OC(C)=O)CC[C@H]2[C@@H]3CCC4=C/C(=N/O)CC[C@@H]4[C@H]3CC[C@@]21CC
ZINC000008214619,CCCCCCCCCC(=O)O[C@H]1CC[C@H]2[C@@H]3CCC4=CC(=O)CC[C@@H]4[C@H]3CC[C@]12C
ZINC000084758235,Cc1ccn(-c2cc(Cl)ccc2[C@@H](Oc2cc(-c3ccc(C[C@H](N)C(=O)O)cc3)nc(N)n2)C(F)(F)F)n1
ZINC000410428674,C#C[C@]1(O)CC[C@H]2[C@@H]3CCC4=CC(=NO)CC[C@@H]4[C@H]3CC[C@@]21CC
ZINC000003803652,O=P(O)(O)C(O)(Cn1ccnc1)P(=O)(O)O
ZINC000003812865,O=C(O)c1cc(/N=N/c2ccc(O)c(C(=O)O)c2)ccc1O
ZINC000003812974,CC(C)(C)NC[C@@H](O)COc1cccc2c1C[C@H](O)[C@H](O)C2
ZINC000004212854,C[C@@H]1C[C@H]2[C@@H]3CCC4=CC(=O)C=C[C@]4(C)[C@@]3(F)[C@@H](O)C[C@]2(C)[C@H]1C(=O)CO
ZINC000004214955,Cn1c(CCCC(=O)O)nc2cc(N(CCCl)CCCl)ccc21
ZINC000004097476,CC(=O)Nc1c(I)c(NC(C)=O)c(I)c(C(=O)O)c1I
ZINC000004099200,COc1ccnc(C[S@](=O)c2nc3ccc(OC(F)F)cc3[nH]2)c1OC
ZINC000004212945,CCCC(=O)O[C@]1(C(=O)COC(C)=O)CC[C@H]2[C@@H]3C[C@H](F)C4=CC(=O)C=C[C@]4(C)[C@@]3(F)[C@@H](O)C[C@@]21C
ZINC000000538065,CCc1nn(CCCN2CCN(c3cccc(Cl)c3)CC2)c(=O)n1CCOc1ccccc1
ZINC000000538312,Cc1nc2n(c(=O)c1CCN1CCC(c3noc4cc(F)ccc34)CC1)CCCC2
ZINC000000020253,NS(=O)(=O)c1cc([C@]2(O)NC(=O)c3ccccc32)ccc1Cl
ZINC000000020221,COc1ccc2cc(CCC(C)=O)ccc2c1
ZINC000004393164,COCCCOc1cc(C[C@@H](C[C@H](N)[C@@H](O)C[C@H](C(=O)NCC(C)(C)C(N)=O)C(C)C)C(C)C)ccc1OC
ZINC000000537752,CCN(CC)CCN1C(=O)CN=C(c2ccccc2F)c2cc(Cl)ccc21
ZINC000000537795,Cc1cnc(C(=O)NCCc2ccc(S(=O)(=O)/N=C(\O)NC3CCCCC3)cc2)cn1
ZINC000000537928,CN(C)C(=O)C(CCN1CCC(O)(c2ccc(Cl)cc2)CC1)(c1ccccc1)c1ccccc1
ZINC000000537957,Cc1cc(C)c(NC(=O)CN(CC(=O)O)CC(=O)O)c(C)c1Br
ZINC000000538621,CCCc1nc(C(C)(C)O)c(C(=O)O)n1Cc1ccc(-c2ccccc2-c2nnn[nH]2)cc1
ZINC000000001267,COC(=O)[C@H](c1ccccc1)[C@@H]1CCCCN1
ZINC000000001331,CN(C)CC/C=C1\c2ccccc2COc2ccccc21
ZINC000000001370,Clc1ccc2c(c1)C(c1ccccc1)=NCc1nncn1-2
ZINC000085537026,CC[C@H]1OC(=O)[C@H](C)[C@@H](O[C@H]2C[C@@](C)(OC)[C@@H](O)[C@H](C)O2)[C@H](C)[C@@H](O[C@@H]2O[C@H](C)C[C@H](N(C)C)[C@H]2O)[C@](C)(O)C[C@@H](C)CN(C)[C@H](C)[C@@H](O)[C@]1(C)O
ZINC000012466082,COCCCC/C(=N/OCCN)c1ccc(C(F)(F)F)cc1
ZINC000000007782,NC(=O)c1cn(Cc2c(F)cccc2F)nn1
ZINC000000013156,Nc1nnc(-c2cccc(Cl)c2Cl)c(N)n1
ZINC000000538627,COC(c1ccccc1)(c1ccccc1)[C@H](Oc1nc(C)cc(C)n1)C(=O)O
ZINC000000538658,Cc1ccccc1C(=O)Nc1ccc(C(=O)N2CCC[C@@H](O)c3cc(Cl)ccc32)c(C)c1
ZINC000000001464,CCOC(=O)c1ncn2c1CN(C)C(=O)c1cc(F)ccc1-2
ZINC000060183170,NC[C@@H]1O[C@H](O[C@@H]2[C@@H](CO)O[C@@H](O[C@@H]3[C@@H](O)[C@H](N)C[C@H](N)[C@H]3O[C@H]3O[C@H](CO)[C@@H](O)[C@H](O)[C@H]3N)[C@@H]2O)[C@H](N)[C@@H](O)[C@@H]1O
ZINC000085432549,CC[C@]1(O)C[C@H]2CN(CCc3c([nH]c4ccccc34)[C@@](C(=O)OC)(c3cc4c(cc3OC)N(C=O)[C@H]3[C@@](O)(C(=O)OC)[C@H](OC(C)=O)[C@]5(CC)C=CCN6CC[C@]43[C@@H]65)C2)C1
ZINC000000601254,Cc1ccccc1N1C(=O)c2cc(S(N)(=O)=O)c(Cl)cc2N[C@H]1C
ZINC000000601281,CCC(=O)N(c1ccccc1)C1(COC)CCN(CCn2nnn(CC)c2=O)CC1
ZINC000000601283,COc1ccc2c(c1)c(CC(=O)O)c(C)n2C(=O)c1ccc(Cl)cc1
ZINC000006716957,Cc1cn(-c2cc(NC(=O)c3ccc(C)c(Nc4nccc(-c5cccnc5)n4)c3)cc(C(F)(F)F)c2)cn1
ZINC000004475353,CC1=C(CC(=O)O)c2cc(F)ccc2/C1=C\c1ccc([S@](C)=O)cc1
ZINC000004618208,COCCCOc1ccnc(C[S@@](=O)c2nc3ccccc3[nH]2)c1C
ZINC000004640636,CCCc1cc(=O)[nH]c(=S)[nH]1
ZINC000004655029,COc1nc2ccc(Br)cc2cc1[C@@H](c1ccccc1)[C@@](O)(CCN(C)C)c1cccc2ccccc12
ZINC000002525885,CN(C)C[C@@H](c1ccc(O)cc1)C1(O)CCCCC1
ZINC000004676424,COc1ccnc(C[S@@](=O)c2nc3ccc(OC(F)F)cc3[nH]2)c1OC
ZINC000001530718,COCCc1ccc(OC[C@H](O)CNC(C)C)cc1
ZINC000001530973,Clc1ccc(CC[C@@H](Cn2ccnc2)Sc2c(Cl)cccc2Cl)cc1
ZINC000001530947,O=C1CC[C@H](N2C(=O)c3ccccc3C2=O)C(=O)N1
ZINC000001530725,Clc1ccc([C@H](c2ccccc2Cl)C(Cl)Cl)cc1
ZINC000001530775,N=C(N)c1ccc(OCCCCCOc2ccc(C(=N)N)cc2)cc1
ZINC000001530726,Clc1ccc([C@@H](c2ccccc2Cl)C(Cl)Cl)cc1
ZINC000001530975,CN(Cc1ccc(C(C)(C)C)cc1)Cc1cccc2ccccc12
ZINC000001530977,CN(C/C=C/c1ccccc1)Cc1cccc2ccccc12
ZINC000001530950,CCC[C@@](C)(COC(N)=O)COC(=O)NC(C)C
ZINC000001530759,CCCNC[C@H](O)COc1ccccc1C(=O)CCc1ccccc1
ZINC000001530764,CNCCCC1c2ccccc2C=Cc2ccccc21
ZINC000001530811,CCCCNc1ccc(C(=O)OCCN(C)C)cc1
ZINC000001530641,Cc1ccc(C)c(OCCCC(C)(C)C(=O)O)c1
ZINC000001530660,O=[P@]1(NCCCl)OCCCN1CCCl
ZINC000004097308,CC1(C)O[C@@H]2C[C@H]3[C@@H]4C[C@H](F)C5=CC(=O)CC[C@]5(C)[C@H]4[C@@H](O)C[C@]3(C)[C@]2(C(=O)CO)O1
ZINC000004097309,CCC(=O)O[C@H](O[P@@](=O)(CCCCc1ccccc1)CC(=O)N1C[C@H](C2CCCCC2)C[C@H]1C(=O)O)C(C)C
ZINC000004097310,CCC(=O)O[C@H](O[P@](=O)(CCCCc1ccccc1)CC(=O)N1C[C@H](C2CCCCC2)C[C@H]1C(=O)O)C(C)C
ZINC000002019953,CCCN[C@@H](C)C(=O)Nc1c(C)csc1C(=O)OC
ZINC000085537053,CC(=O)O[C@@]12CO[C@@H]1C[C@H](O)[C@@]1(C)C(=O)[C@H](O)C3=C(C)[C@@H](OC(=O)[C@H](O)[C@@H](NC(=O)OC(C)(C)C)c4ccccc4)C[C@@](O)([C@@H](OC(=O)c4ccccc4)[C@@H]12)C3(C)C
